[{"model": "contenttypes.contenttype", "pk": 1, "fields": {"app_label": "admin", "model": "logentry"}}, {"model": "contenttypes.contenttype", "pk": 2, "fields": {"app_label": "auth", "model": "permission"}}, {"model": "contenttypes.contenttype", "pk": 3, "fields": {"app_label": "auth", "model": "group"}}, {"model": "contenttypes.contenttype", "pk": 4, "fields": {"app_label": "auth", "model": "user"}}, {"model": "contenttypes.contenttype", "pk": 5, "fields": {"app_label": "contenttypes", "model": "contenttype"}}, {"model": "contenttypes.contenttype", "pk": 6, "fields": {"app_label": "sessions", "model": "session"}}, {"model": "contenttypes.contenttype", "pk": 7, "fields": {"app_label": "sites", "model": "site"}}, {"model": "contenttypes.contenttype", "pk": 8, "fields": {"app_label": "account", "model": "emailaddress"}}, {"model": "contenttypes.contenttype", "pk": 9, "fields": {"app_label": "account", "model": "emailconfirmation"}}, {"model": "contenttypes.contenttype", "pk": 10, "fields": {"app_label": "socialaccount", "model": "socialaccount"}}, {"model": "contenttypes.contenttype", "pk": 11, "fields": {"app_label": "socialaccount", "model": "socialapp"}}, {"model": "contenttypes.contenttype", "pk": 12, "fields": {"app_label": "socialaccount", "model": "socialtoken"}}, {"model": "contenttypes.contenttype", "pk": 13, "fields": {"app_label": "products", "model": "product"}}, {"model": "contenttypes.contenttype", "pk": 14, "fields": {"app_label": "products", "model": "category"}}, {"model": "contenttypes.contenttype", "pk": 15, "fields": {"app_label": "booking", "model": "bookings"}}, {"model": "contenttypes.contenttype", "pk": 16, "fields": {"app_label": "booking", "model": "services"}}, {"model": "contenttypes.contenttype", "pk": 17, "fields": {"app_label": "booking", "model": "servicecategory"}}, {"model": "contenttypes.contenttype", "pk": 18, "fields": {"app_label": "products", "model": "brand"}}, {"model": "contenttypes.contenttype", "pk": 19, "fields": {"app_label": "home", "model": "openhours"}}, {"model": "contenttypes.contenttype", "pk": 20, "fields": {"app_label": "home", "model": "aboutus"}}, {"model": "contenttypes.contenttype", "pk": 21, "fields": {"app_label": "checkout", "model": "order"}}, {"model": "contenttypes.contenttype", "pk": 22, "fields": {"app_label": "checkout", "model": "orderlineitem"}}, {"model": "contenttypes.contenttype", "pk": 23, "fields": {"app_label": "management", "model": "sitesettings"}}, {"model": "contenttypes.contenttype", "pk": 24, "fields": {"app_label": "management", "model": "staff"}}, {"model": "sessions.session", "pk": "14fgfi8szrlzs1dpxbso7ampju8dhxq3", "fields": {"session_data": "ZDY5NzJkM2FhNmQ5MWEwN2MzZTQ3OThjOTVlNzBlNGMzZWQyYjA3NDp7Il9hdXRoX3VzZXJfaWQiOiIyIiwiX2F1dGhfdXNlcl9iYWNrZW5kIjoiZGphbmdvLmNvbnRyaWIuYXV0aC5iYWNrZW5kcy5Nb2RlbEJhY2tlbmQiLCJfYXV0aF91c2VyX2hhc2giOiJiMTg3YTMzMTI2MzBiNjBjZjU3YzU4Y2RiYzYxOTA5N2QzNjFjYzc1IiwiX3Nlc3Npb25fZXhwaXJ5IjowLCJjYXJ0Ijp7IjEiOjE0LCIyIjoxLCIzIjoxfX0=", "expire_date": "2020-11-09T12:08:28.940Z"}}, {"model": "sessions.session", "pk": "1jwguwri5ukd7i59z29q15f7nen96i21", "fields": {"session_data": "Y2FjYzNiYjYzZDM4MmNhNjBhYTM5NmVlNDhjMGU3NWFmOGJlZTM4NTp7Il9hdXRoX3VzZXJfaWQiOiIyIiwiX2F1dGhfdXNlcl9iYWNrZW5kIjoiZGphbmdvLmNvbnRyaWIuYXV0aC5iYWNrZW5kcy5Nb2RlbEJhY2tlbmQiLCJfYXV0aF91c2VyX2hhc2giOiJiMTg3YTMzMTI2MzBiNjBjZjU3YzU4Y2RiYzYxOTA5N2QzNjFjYzc1IiwiX3Nlc3Npb25fZXhwaXJ5IjoxMjA5NjAwLCJjYXJ0Ijp7IjIiOjF9LCJ3aXNobGlzdCI6WyIyIl19", "expire_date": "2021-01-06T18:34:26.499Z"}}, {"model": "sessions.session", "pk": "2d23arjq8eoagdqr7jd02b1ucxa8qiri", "fields": {"session_data": "NDk4M2Q3ODIyMTQyNTllZGYyMGMzNDAxZTIwN2ZkYzE3OWNjNTc5NTp7Il9hdXRoX3VzZXJfaWQiOiIyIiwiX2F1dGhfdXNlcl9iYWNrZW5kIjoiZGphbmdvLmNvbnRyaWIuYXV0aC5iYWNrZW5kcy5Nb2RlbEJhY2tlbmQiLCJfYXV0aF91c2VyX2hhc2giOiJiMTg3YTMzMTI2MzBiNjBjZjU3YzU4Y2RiYzYxOTA5N2QzNjFjYzc1IiwiX3Nlc3Npb25fZXhwaXJ5IjoxMjA5NjAwfQ==", "expire_date": "2020-10-31T06:17:20.607Z"}}, {"model": "sessions.session", "pk": "dg2cgfbj4r304cnpbf3wihz8nonwzcc9", "fields": {"session_data": "ZTUyNDVkZjhkZWZkYjY2OWVlNzhhOTcxZGVhMWRmYWUzYzY0M2MxZjp7Indpc2hsaXN0IjpbIjEiLCIzIl0sImNhcnQiOnsiMSI6MX0sIl9hdXRoX3VzZXJfaWQiOiIyIiwiX2F1dGhfdXNlcl9iYWNrZW5kIjoiZGphbmdvLmNvbnRyaWIuYXV0aC5iYWNrZW5kcy5Nb2RlbEJhY2tlbmQiLCJfYXV0aF91c2VyX2hhc2giOiJiMTg3YTMzMTI2MzBiNjBjZjU3YzU4Y2RiYzYxOTA5N2QzNjFjYzc1IiwiX3Nlc3Npb25fZXhwaXJ5IjoxMjA5NjAwfQ==", "expire_date": "2020-11-15T12:49:02.131Z"}}, {"model": "sessions.session", "pk": "di2irynh83gv6m5oi4qcekuk50euijcu", "fields": {"session_data": "ZTFhNTI5YzJkZWM1OWI2MGM3ZWRjZTY4N2ZlNTgzNDE1N2UxYzU2Nzp7ImNhcnQiOnt9LCJ3aXNobGlzdCI6WyIxIiwiMiIsIjMiLCIzIiwiMSIsIjEiLCIxIiwiMSJdfQ==", "expire_date": "2020-11-15T09:43:07.616Z"}}, {"model": "sessions.session", "pk": "gbl1ap2u3tf7m91vgpjdb2ei43ohum4y", "fields": {"session_data": "MjA4ZTQyNmQyNDdmZTE1MGIxZDkwZDM3YzAzM2E5MWY4OTYzMzIwNDp7ImNhcnQiOnsiNyI6MX0sIndpc2hsaXN0IjpbIjMiLCIxIl0sIl9hdXRoX3VzZXJfaWQiOiIyIiwiX2F1dGhfdXNlcl9iYWNrZW5kIjoiZGphbmdvLmNvbnRyaWIuYXV0aC5iYWNrZW5kcy5Nb2RlbEJhY2tlbmQiLCJfYXV0aF91c2VyX2hhc2giOiJiMTg3YTMzMTI2MzBiNjBjZjU3YzU4Y2RiYzYxOTA5N2QzNjFjYzc1In0=", "expire_date": "2020-12-19T00:42:31.093Z"}}, {"model": "sessions.session", "pk": "gqzdnzbm4ol0dl3wvz7thi9db4371rd9", "fields": {"session_data": "ZGFjNDkwMmYwZjI0YzA3ODMxM2EyMGViZWJlMjQxNTkwZGMxZmYyZjp7Il9hdXRoX3VzZXJfaWQiOiIyIiwiX2F1dGhfdXNlcl9iYWNrZW5kIjoiZGphbmdvLmNvbnRyaWIuYXV0aC5iYWNrZW5kcy5Nb2RlbEJhY2tlbmQiLCJfYXV0aF91c2VyX2hhc2giOiJiMTg3YTMzMTI2MzBiNjBjZjU3YzU4Y2RiYzYxOTA5N2QzNjFjYzc1IiwiX3Nlc3Npb25fZXhwaXJ5IjoxMjA5NjAwLCJjYXJ0Ijp7IjIiOjEsIjMiOjJ9fQ==", "expire_date": "2020-12-25T09:21:55.353Z"}}, {"model": "sessions.session", "pk": "gvu8c1yc244dcumo4h27xvsx1xuacwxq", "fields": {"session_data": "OTI2NjE1ZGFjYmU0Y2Q5YWFiMWUzZGZjNjA3MWFlZWQ4Njg5ZjFmNDp7Il9hdXRoX3VzZXJfaWQiOiIyIiwiX2F1dGhfdXNlcl9iYWNrZW5kIjoiZGphbmdvLmNvbnRyaWIuYXV0aC5iYWNrZW5kcy5Nb2RlbEJhY2tlbmQiLCJfYXV0aF91c2VyX2hhc2giOiJiMTg3YTMzMTI2MzBiNjBjZjU3YzU4Y2RiYzYxOTA5N2QzNjFjYzc1IiwiX3Nlc3Npb25fZXhwaXJ5IjoxMjA5NjAwLCJjYXJ0Ijp7IjEiOjF9LCJ3aXNobGlzdCI6WyIxIl19", "expire_date": "2020-12-20T17:14:03.831Z"}}, {"model": "sessions.session", "pk": "kth2nc5nemsy7q6zkvjueqp3xqikzey6", "fields": {"session_data": "MWMzYTE2NzNiN2IwYzUzMDg2MDk4OTc4MmE2MWY0OTg4YjNhYmM4Mzp7ImNhcnQiOnsiMiI6MX19", "expire_date": "2020-11-09T12:16:21.780Z"}}, {"model": "sessions.session", "pk": "mzmmd1dulcr6u1t2lom0nctapsgnjhrn", "fields": {"session_data": "YTlmZjRhNzQ1ODFiY2RjZGQ5MjYyMjFlMDNlMDg0MTFkMWIzOWNjMzp7Il9zZXNzaW9uX2V4cGlyeSI6MCwiX2F1dGhfdXNlcl9pZCI6IjIiLCJfYXV0aF91c2VyX2JhY2tlbmQiOiJkamFuZ28uY29udHJpYi5hdXRoLmJhY2tlbmRzLk1vZGVsQmFja2VuZCIsIl9hdXRoX3VzZXJfaGFzaCI6ImIxODdhMzMxMjYzMGI2MGNmNTdjNThjZGJjNjE5MDk3ZDM2MWNjNzUifQ==", "expire_date": "2020-10-23T09:03:01.775Z"}}, {"model": "sessions.session", "pk": "ove712lrcilyhlduk4kd7c2c719a66j1", "fields": {"session_data": "NGVhODNlNTNjMWFmNjFmOWQ0NTUwYTY1ZjJhOThkMmVkMjkzOWY1NTp7Il9hdXRoX3VzZXJfaWQiOiIyIiwiX2F1dGhfdXNlcl9iYWNrZW5kIjoiZGphbmdvLmNvbnRyaWIuYXV0aC5iYWNrZW5kcy5Nb2RlbEJhY2tlbmQiLCJfYXV0aF91c2VyX2hhc2giOiJiMTg3YTMzMTI2MzBiNjBjZjU3YzU4Y2RiYzYxOTA5N2QzNjFjYzc1IiwiX3Nlc3Npb25fZXhwaXJ5IjowfQ==", "expire_date": "2020-10-27T17:55:39.703Z"}}, {"model": "sessions.session", "pk": "q6dgvgmodwb87vxztyaer6hxwjg44ruu", "fields": {"session_data": "YjQ1MmUyZGY0ZWEwNjZkOTlkNmU1OGFhMTZhMWIyMTkxYjUwMDU1OTp7Indpc2hsaXN0IjpbIjIiXSwiY2FydCI6eyIyIjoiMSJ9fQ==", "expire_date": "2020-11-15T10:23:56.380Z"}}, {"model": "sessions.session", "pk": "x0atp1okk8fdyjkyu97ffyl2geau1hum", "fields": {"session_data": "MzdjMjA3M2E1MDU1MzRlYWFkMjA4MGVhYjZlMWQxMzQ0NmVhYjQ1Zjp7Il9hdXRoX3VzZXJfaWQiOiIyIiwiX2F1dGhfdXNlcl9iYWNrZW5kIjoiZGphbmdvLmNvbnRyaWIuYXV0aC5iYWNrZW5kcy5Nb2RlbEJhY2tlbmQiLCJfYXV0aF91c2VyX2hhc2giOiJiMTg3YTMzMTI2MzBiNjBjZjU3YzU4Y2RiYzYxOTA5N2QzNjFjYzc1IiwiX3Nlc3Npb25fZXhwaXJ5IjoxMjA5NjAwLCJ3aXNobGlzdCI6WyIzIl0sImNhcnQiOnsiMyI6MX19", "expire_date": "2020-12-19T00:47:39.186Z"}}, {"model": "sites.site", "pk": 1, "fields": {"domain": "beauty4u.example.com", "name": "Beauty4U"}}, {"model": "home.openhours", "pk": 21, "fields": {"day": "MONDAY", "openingTime": "6 A.M", "closingTime": "6 P.M"}}, {"model": "home.openhours", "pk": 22, "fields": {"day": "TUESDAY", "openingTime": "12 P.M", "closingTime": "9.30 P.M"}}, {"model": "home.openhours", "pk": 23, "fields": {"day": "WEDNESDAY", "openingTime": "6.30 A.M", "closingTime": "6 P.M"}}, {"model": "home.openhours", "pk": 24, "fields": {"day": "THURSDAY", "openingTime": "7.30 A.M", "closingTime": "6 P.M"}}, {"model": "home.openhours", "pk": 25, "fields": {"day": "FRIDAY", "openingTime": "11 A.M", "closingTime": "6 P.M"}}, {"model": "home.openhours", "pk": 26, "fields": {"day": "SATURDAY", "openingTime": "9 A.M", "closingTime": "6 P.M"}}, {"model": "home.openhours", "pk": 27, "fields": {"day": "SUNDAY", "openingTime": "4.30 A.M", "closingTime": "6 P.M"}}, {"model": "home.aboutus", "pk": 1, "fields": {"content": "Beauty4U is Ireland's #1 Source for Hair and Beauty services and products. We offer premium hair and beauty services at affordable prices. Since opening in 2020, we have continued to expand across the country. We hope to see you in a salon near you!"}}, {"model": "products.category", "pk": 1, "fields": {"name": "hair", "friendly_name": "Hair"}}, {"model": "products.category", "pk": 2, "fields": {"name": "skin", "friendly_name": "Skin"}}, {"model": "products.category", "pk": 3, "fields": {"name": "makeup", "friendly_name": "Make Up"}}, {"model": "products.category", "pk": 4, "fields": {"name": "giftsets", "friendly_name": "Gift Sets"}}, {"model": "products.brand", "pk": 1, "fields": {"brand": "Alfaparf", "logo_url": null, "logo": "alfaparf_logo.jpeg"}}, {"model": "products.brand", "pk": 2, "fields": {"brand": "Dermalogica", "logo_url": null, "logo": "dermalogica-logo.png"}}, {"model": "products.brand", "pk": 3, "fields": {"brand": "Jane Iredale", "logo_url": null, "logo": "Jne-Iredale-Logo.png"}}, {"model": "products.brand", "pk": 4, "fields": {"brand": "Joico", "logo_url": null, "logo": "Joico-Logo.png"}}, {"model": "products.brand", "pk": 5, "fields": {"brand": "Moroccanoil", "logo_url": null, "logo": "moroccanoil-logo.jpeg"}}, {"model": "products.brand", "pk": 6, "fields": {"brand": "SoSu", "logo_url": null, "logo": "sosu-logo.jpg"}}, {"model": "products.brand", "pk": 7, "fields": {"brand": "Olaplex", "logo_url": null, "logo": "olaplex-logo.jpg"}}, {"model": "products.product", "pk": 1, "fields": {"category": 1, "brand": 1, "sku": "pp1", "name": "Alfaparf Semi Di Lino Hydrating Co Wash", "description": "Gentle foam free cleansing cream, hydrates and controls frizz. Can be used in between washes. Suitable for medium to thick hair.", "price": "14.25", "sale_price": null, "size": "200ml", "rating": "4.60", "featured_product": true, "image_url": null, "image": "Hydrating-Co-Wash_200ml.jpg"}}, {"model": "products.product", "pk": 2, "fields": {"category": 1, "brand": 1, "sku": "pp2", "name": "Alfaparf Semi Di Lino Curls", "description": "Hydrates curls making hair soft tangle free and frizz free. Suitable for fine to medium curly hair.", "price": "14.25", "sale_price": "12.00", "size": "250ml", "rating": "4.20", "featured_product": false, "image_url": null, "image": "alfaparf-curl-shampoo.jpg"}}, {"model": "products.product", "pk": 3, "fields": {"category": 2, "brand": 2, "sku": "pp3", "name": "Dermalogica Skin Smoothing 2.0", "description": "Next-generation moisturiser with Active HydraMesh Technology\u2122 infuses skin with 48 hours of continuous hydration and helps protect against environmental stress. This best-selling moisturiser features a state-of-the-art complex that works on a molecular level to help reduce Trans-Epidermal Water Loss (TEWL) and infuse skin with 48 hours of vital moisture. This advanced technology also helps shield skin\u2019s natural microbiome from environmental stress. A dynamic Hyaluronic Acid Complex with Mallow, Cucumber and Arnica distributes hydration throughout the skin, helping to lock in moisture for lasting hydration. Also formulated with naturally-antioxidant Grape Seed Extract, Vitamin C and Vitamin E.", "price": "60.00", "sale_price": "50.00", "size": "100ml", "rating": "5.00", "featured_product": false, "image_url": null, "image": "dermalogica-1.jpg"}}, {"model": "products.product", "pk": 4, "fields": {"category": 2, "brand": 2, "sku": "pp4", "name": "Dermalogica Special Cleansing Gel", "description": "Dermalogica Special Cleansing Gel foams away impurities without leaving your skin feeling tight or dry. Anti-inflammatory balm mint and lavender extracts soothe your skin, while natural quillaja saponaria gently foams away toxins and cleanses debris. Fragrance and soap free, Dermalogica Special Cleansing Gel is ideal for combination to normal skin. Designed to thoroughly remove impurities without disturbing the skin\u2019s natural moisture balance, this cleanser will leave your skin feeling cool and calm.", "price": "58.00", "sale_price": null, "size": "500ml", "rating": "4.20", "featured_product": false, "image_url": null, "image": "dermalogic-2_FZWe1RA.jpg"}}, {"model": "products.product", "pk": 5, "fields": {"category": 3, "brand": 3, "sku": "pp8", "name": "Jane Iredale PurePressed Base Mineral Foundation Refill", "description": "A foundation and concealer in one which offers broad spectrum UV protection, the luxurious formula is enriched with antioxidant pine bark and pomegranate extracts that combat free radicals and minimise UV damage.", "price": "28.99", "sale_price": null, "size": null, "rating": "4.00", "featured_product": false, "image_url": null, "image": "skin-jane.jpg"}}, {"model": "products.product", "pk": 6, "fields": {"category": 3, "brand": 3, "sku": "pp7", "name": "Jane Iredale Liquid Minerals Foundation", "description": "A gorgeous foundation and treatment serum in one, Jane Iredale Liquid Minerals Foundation will totally transform your look. Boasting a special liquid formulation, this foundation plumps and hydrates your skin while providing sheer to medium coverage. Also minimising lines, wrinkles and pores, it creates a wonderfully flawless complexion. The soothing feel calms any inflammation and the actives will gain the time they need to penetrate your skin courtesy of the latest liposome technology. Have you ever benefitted from a foundation that can do so much and so effortlessly?", "price": "35.00", "sale_price": "32.00", "size": null, "rating": "5.00", "featured_product": false, "image_url": null, "image": "jane-ire.jpg"}}, {"model": "products.product", "pk": 7, "fields": {"category": 1, "brand": 1, "sku": null, "name": "ALFAPARF Milano Style Stories Volume Mousse", "description": "The ideal mousse for fine hair.", "price": "13.25", "sale_price": null, "size": "125ml", "rating": null, "featured_product": true, "image_url": null, "image": "VOLUME-MOUSSE-WEB.jpg"}}, {"model": "products.product", "pk": 8, "fields": {"category": 1, "brand": 1, "sku": null, "name": "ALFAPARF Milano Style Stories Vintage Powder", "description": "Texturising powder.", "price": "19.75", "sale_price": null, "size": "8g", "rating": null, "featured_product": true, "image_url": null, "image": "VintagePowderWeb.jpg"}}, {"model": "products.product", "pk": 9, "fields": {"category": 1, "brand": 1, "sku": null, "name": "ALFAPARF Milano Style Stories Texturising Gel", "description": "Texturising gel brings structure to the hair, for a defined but mouldable result.", "price": "13.75", "sale_price": null, "size": "150ml", "rating": null, "featured_product": false, "image_url": null, "image": "Style-Stories-Thermal-web.jpg"}}, {"model": "products.product", "pk": 10, "fields": {"category": 1, "brand": 1, "sku": null, "name": "ALFAPARF Milano Style Stories Thermal Protection", "description": "Acts as a thermo-active shield, protecting the hair from the heat of hot styling tools.", "price": "14.25", "sale_price": null, "size": "200ml", "rating": null, "featured_product": false, "image_url": null, "image": "TEXTURIZING_GELweb_uvJ79fo.jpg"}}, {"model": "products.product", "pk": 11, "fields": {"category": 2, "brand": 7, "sku": null, "name": "Olaplex No.0 Intensive Bond Building Treatment", "description": "Primes hair to absorb nourishment for maximum repair", "price": "27.50", "sale_price": null, "size": "155ml", "rating": null, "featured_product": true, "image_url": null, "image": "No.0-Intensive-Bond-Building-Hair-Treatment-2-Buy-Out_full.jpg"}}, {"model": "products.product", "pk": 12, "fields": {"category": 2, "brand": 7, "sku": null, "name": "Olaplex No3 Hair Perfector", "description": "A treatment, not a conditioner, that reduces breakage and visibly strengthens hair, improving its look and feel.", "price": "27.50", "sale_price": null, "size": "100ml", "rating": null, "featured_product": false, "image_url": null, "image": "No.3-hair-protectorWEB.jpg"}}, {"model": "products.product", "pk": 13, "fields": {"category": 2, "brand": 7, "sku": null, "name": "Olaplex No5 Conditioner", "description": "Restores, repairs, and hydrates without adding excess weight. Eliminates damaged frizz for strong, healthy, shiny hair.", "price": "27.50", "sale_price": null, "size": "250ml", "rating": null, "featured_product": false, "image_url": null, "image": "olaplex-n05.jpg"}}, {"model": "products.product", "pk": 14, "fields": {"category": 1, "brand": 4, "sku": null, "name": "Joico Moisture Recovery Shampoo", "description": "Joico Moisture Recovery Shampoo", "price": "17.95", "sale_price": null, "size": "300ml", "rating": null, "featured_product": false, "image_url": null, "image": "JOICO-MR-Shampoo-800x800-1.jpg"}}, {"model": "products.product", "pk": 15, "fields": {"category": 1, "brand": 4, "sku": null, "name": "Joico Moisture Recovery Conditioner", "description": "Joico Moisture Recovery Conditioner", "price": "17.95", "sale_price": null, "size": "250ml", "rating": null, "featured_product": false, "image_url": null, "image": "JOICO-MR-Conditioner-800x800-1.jpg"}}, {"model": "products.product", "pk": 16, "fields": {"category": 1, "brand": 4, "sku": null, "name": "Joico Summer Hair Moisture Recovery", "description": "Joico Summer Hair Moisture Recovery", "price": "34.00", "sale_price": null, "size": null, "rating": null, "featured_product": false, "image_url": null, "image": "MR-Summer-Hair.jpg"}}, {"model": "booking.services", "pk": 1, "fields": {"serviceCategory": 1, "name": "Blow Dry", "description": "Quick Blowdry", "price": "20.00"}}, {"model": "booking.services", "pk": 2, "fields": {"serviceCategory": 3, "name": "Gel Nails", "description": "Gel Nails", "price": "15.00"}}, {"model": "booking.services", "pk": 3, "fields": {"serviceCategory": 2, "name": "Wedding Make Up", "description": "Wedding Make Up", "price": "70.00"}}, {"model": "booking.services", "pk": 4, "fields": {"serviceCategory": 1, "name": "Curl", "description": "Curl", "price": "12.00"}}, {"model": "booking.services", "pk": 5, "fields": {"serviceCategory": 1, "name": "Cut", "description": "cut", "price": "30.00"}}, {"model": "booking.servicecategory", "pk": 1, "fields": {"name": "Hair"}}, {"model": "booking.servicecategory", "pk": 2, "fields": {"name": "Make Up"}}, {"model": "booking.servicecategory", "pk": 3, "fields": {"name": "Nails"}}, {"model": "booking.bookings", "pk": 8, "fields": {"username": "dobuzzin", "customer_name": "David O Neill", "service": "Blow Dry", "date": "2020-12-19", "time": "5pm"}}, {"model": "booking.bookings", "pk": 9, "fields": {"username": "oneillbabs", "customer_name": "Barbara O Neill", "service": "Nails", "date": "2020-12-19", "time": "9 am"}}, {"model": "booking.bookings", "pk": 10, "fields": {"username": "koneill", "customer_name": "Karl O Neill", "service": "Hair Cut", "date": "2020-12-11", "time": "7pm"}}, {"model": "booking.bookings", "pk": 11, "fields": {"username": "yanab", "customer_name": "Yana Bersunukayeva", "service": "Curl", "date": "2021-01-15", "time": "2.15"}}, {"model": "management.sitesettings", "pk": 1, "fields": {"name": "Free Shipping Threshold", "status": true, "value": "30.00", "description": "This setting will show a free shipping banner on the top of your site and enable customers to get free shipping when they spend over a certain amount"}}, {"model": "management.sitesettings", "pk": 2, "fields": {"name": "Standard Shipping", "status": true, "value": "5.00", "description": "Enable standard shipping and set the cost"}}, {"model": "management.sitesettings", "pk": 3, "fields": {"name": "Click & Collect", "status": false, "value": "0.00", "description": "Enable Click & Collect - This will allow customers to collect their orders from your physical address"}}, {"model": "management.staff", "pk": 1, "fields": {"name": "Jenna", "position": "Senior Stylist", "available": true, "image_url": null, "image": ""}}, {"model": "checkout.order", "pk": 5, "fields": {"order_number": "CBAA3ADB43154F81B9B38691C33E6670", "full_name": "David O Neill", "email": "davidclody@hotmail.com", "phone_number": "+353831882801", "street_address1": "60 Hermitage Glen", "street_address2": "Gardenrath Road", "town_or_city": "KELLS", "county": "Meath", "country": "Ireland", "postcode": "A82 X5X7", "date": "2020-12-11T11:13:32.959Z", "delivery_cost": "5.00", "shipping_method": "Standard Shipping", "subtotal": "14.25", "total": "19.25", "original_cart": "", "stripe_pid": ""}}, {"model": "checkout.order", "pk": 6, "fields": {"order_number": "CF5308C0CD3549F0A6CCAAADA41A2FB3", "full_name": "David O Neill", "email": "davidclody@hotmail.com", "phone_number": "+353831882801", "street_address1": "60 Hermitage Glen", "street_address2": "Gardenrath Road", "town_or_city": "KELLS", "county": "Meath", "country": "Ireland", "postcode": "A82 X5X7", "date": "2020-12-11T11:15:31.323Z", "delivery_cost": "0.00", "shipping_method": "Standard Shipping", "subtotal": "60.00", "total": "60.00", "original_cart": "", "stripe_pid": ""}}, {"model": "checkout.order", "pk": 7, "fields": {"order_number": "A74047ABC31B4902BA4CEFC8CD492D6C", "full_name": "David O Neill", "email": "davidclody@hotmail.com", "phone_number": "+353831882801", "street_address1": "60 Hermitage Glen", "street_address2": "Gardenrath Road", "town_or_city": "KELLS", "county": "Meath", "country": "Ireland", "postcode": "A82 X5X7", "date": "2020-12-11T11:18:26.347Z", "delivery_cost": "5.00", "shipping_method": "Standard Shipping", "subtotal": "14.25", "total": "19.25", "original_cart": "", "stripe_pid": ""}}, {"model": "checkout.order", "pk": 8, "fields": {"order_number": "CBD2A84AEFF341099EEE29A8024F0D90", "full_name": "David O Neill", "email": "davidclody@hotmail.com", "phone_number": "+353831882801", "street_address1": "60 Hermitage Glen", "street_address2": "Gardenrath Road", "town_or_city": "KELLS", "county": "Meath", "country": "Ireland", "postcode": "A82 X5X7", "date": "2020-12-11T11:19:05.855Z", "delivery_cost": "0.00", "shipping_method": "Standard Shipping", "subtotal": "60.00", "total": "60.00", "original_cart": "", "stripe_pid": ""}}, {"model": "checkout.order", "pk": 9, "fields": {"order_number": "2707F652C2DF4FA0A2D6D6BC26B2D568", "full_name": "David O Neill", "email": "davidclody@hotmail.com", "phone_number": "+353831882801", "street_address1": "60 Hermitage Glen", "street_address2": "Gardenrath Road", "town_or_city": "KELLS", "county": "Meath", "country": "Ireland", "postcode": "A82 X5X7", "date": "2020-12-11T11:21:06.687Z", "delivery_cost": "0.00", "shipping_method": "Standard Shipping", "subtotal": "60.00", "total": "60.00", "original_cart": "", "stripe_pid": ""}}, {"model": "checkout.order", "pk": 10, "fields": {"order_number": "CBA667B14E7E42B3B39AE2910F87CEFA", "full_name": "David O Neill", "email": "davidclody@hotmail.com", "phone_number": "+353831882801", "street_address1": "60 Hermitage Glen", "street_address2": "Gardenrath Road", "town_or_city": "KELLS", "county": "Meath", "country": "Ireland", "postcode": "A82 X5X7", "date": "2020-12-11T11:22:46.310Z", "delivery_cost": "5.00", "shipping_method": "Standard Shipping", "subtotal": "14.25", "total": "19.25", "original_cart": "", "stripe_pid": ""}}, {"model": "checkout.order", "pk": 11, "fields": {"order_number": "3116A4D27719405E8A483CAC72CB9A74", "full_name": "David O Neill", "email": "davidclody@hotmail.com", "phone_number": "+353831882801", "street_address1": "60 Hermitage Glen", "street_address2": "Gardenrath Road", "town_or_city": "KELLS", "county": "Meath", "country": "Ireland", "postcode": "A82 X5X7", "date": "2020-12-11T11:34:52.856Z", "delivery_cost": "0.00", "shipping_method": "Standard Shipping", "subtotal": "60.00", "total": "60.00", "original_cart": "", "stripe_pid": ""}}, {"model": "checkout.order", "pk": 12, "fields": {"order_number": "F8F5EC04510A4036BCA6F41816E8FBA5", "full_name": "David O Neill", "email": "davidclody@hotmail.com", "phone_number": "+353831882801", "street_address1": "60 Hermitage Glen", "street_address2": "Gardenrath Road", "town_or_city": "KELLS", "county": "Meath", "country": "Ireland", "postcode": "A82 X5X7", "date": "2020-12-11T11:51:18.317Z", "delivery_cost": "5.00", "shipping_method": "Standard Shipping", "subtotal": "14.25", "total": "19.25", "original_cart": "", "stripe_pid": ""}}, {"model": "checkout.orderlineitem", "pk": 5, "fields": {"order": 5, "product": 2, "quantity": 1, "lineitem_total": "14.25"}}, {"model": "checkout.orderlineitem", "pk": 6, "fields": {"order": 6, "product": 3, "quantity": 1, "lineitem_total": "60.00"}}, {"model": "checkout.orderlineitem", "pk": 7, "fields": {"order": 7, "product": 2, "quantity": 1, "lineitem_total": "14.25"}}, {"model": "checkout.orderlineitem", "pk": 8, "fields": {"order": 8, "product": 3, "quantity": 1, "lineitem_total": "60.00"}}, {"model": "checkout.orderlineitem", "pk": 9, "fields": {"order": 9, "product": 3, "quantity": 1, "lineitem_total": "60.00"}}, {"model": "checkout.orderlineitem", "pk": 10, "fields": {"order": 10, "product": 2, "quantity": 1, "lineitem_total": "14.25"}}, {"model": "checkout.orderlineitem", "pk": 11, "fields": {"order": 11, "product": 3, "quantity": 1, "lineitem_total": "60.00"}}, {"model": "checkout.orderlineitem", "pk": 12, "fields": {"order": 12, "product": 2, "quantity": 1, "lineitem_total": "14.25"}}, {"model": "auth.permission", "pk": 1, "fields": {"name": "Can add log entry", "content_type": 1, "codename": "add_logentry"}}, {"model": "auth.permission", "pk": 2, "fields": {"name": "Can change log entry", "content_type": 1, "codename": "change_logentry"}}, {"model": "auth.permission", "pk": 3, "fields": {"name": "Can delete log entry", "content_type": 1, "codename": "delete_logentry"}}, {"model": "auth.permission", "pk": 4, "fields": {"name": "Can view log entry", "content_type": 1, "codename": "view_logentry"}}, {"model": "auth.permission", "pk": 5, "fields": {"name": "Can add permission", "content_type": 2, "codename": "add_permission"}}, {"model": "auth.permission", "pk": 6, "fields": {"name": "Can change permission", "content_type": 2, "codename": "change_permission"}}, {"model": "auth.permission", "pk": 7, "fields": {"name": "Can delete permission", "content_type": 2, "codename": "delete_permission"}}, {"model": "auth.permission", "pk": 8, "fields": {"name": "Can view permission", "content_type": 2, "codename": "view_permission"}}, {"model": "auth.permission", "pk": 9, "fields": {"name": "Can add group", "content_type": 3, "codename": "add_group"}}, {"model": "auth.permission", "pk": 10, "fields": {"name": "Can change group", "content_type": 3, "codename": "change_group"}}, {"model": "auth.permission", "pk": 11, "fields": {"name": "Can delete group", "content_type": 3, "codename": "delete_group"}}, {"model": "auth.permission", "pk": 12, "fields": {"name": "Can view group", "content_type": 3, "codename": "view_group"}}, {"model": "auth.permission", "pk": 13, "fields": {"name": "Can add user", "content_type": 4, "codename": "add_user"}}, {"model": "auth.permission", "pk": 14, "fields": {"name": "Can change user", "content_type": 4, "codename": "change_user"}}, {"model": "auth.permission", "pk": 15, "fields": {"name": "Can delete user", "content_type": 4, "codename": "delete_user"}}, {"model": "auth.permission", "pk": 16, "fields": {"name": "Can view user", "content_type": 4, "codename": "view_user"}}, {"model": "auth.permission", "pk": 17, "fields": {"name": "Can add content type", "content_type": 5, "codename": "add_contenttype"}}, {"model": "auth.permission", "pk": 18, "fields": {"name": "Can change content type", "content_type": 5, "codename": "change_contenttype"}}, {"model": "auth.permission", "pk": 19, "fields": {"name": "Can delete content type", "content_type": 5, "codename": "delete_contenttype"}}, {"model": "auth.permission", "pk": 20, "fields": {"name": "Can view content type", "content_type": 5, "codename": "view_contenttype"}}, {"model": "auth.permission", "pk": 21, "fields": {"name": "Can add session", "content_type": 6, "codename": "add_session"}}, {"model": "auth.permission", "pk": 22, "fields": {"name": "Can change session", "content_type": 6, "codename": "change_session"}}, {"model": "auth.permission", "pk": 23, "fields": {"name": "Can delete session", "content_type": 6, "codename": "delete_session"}}, {"model": "auth.permission", "pk": 24, "fields": {"name": "Can view session", "content_type": 6, "codename": "view_session"}}, {"model": "auth.permission", "pk": 25, "fields": {"name": "Can add site", "content_type": 7, "codename": "add_site"}}, {"model": "auth.permission", "pk": 26, "fields": {"name": "Can change site", "content_type": 7, "codename": "change_site"}}, {"model": "auth.permission", "pk": 27, "fields": {"name": "Can delete site", "content_type": 7, "codename": "delete_site"}}, {"model": "auth.permission", "pk": 28, "fields": {"name": "Can view site", "content_type": 7, "codename": "view_site"}}, {"model": "auth.permission", "pk": 29, "fields": {"name": "Can add email address", "content_type": 8, "codename": "add_emailaddress"}}, {"model": "auth.permission", "pk": 30, "fields": {"name": "Can change email address", "content_type": 8, "codename": "change_emailaddress"}}, {"model": "auth.permission", "pk": 31, "fields": {"name": "Can delete email address", "content_type": 8, "codename": "delete_emailaddress"}}, {"model": "auth.permission", "pk": 32, "fields": {"name": "Can view email address", "content_type": 8, "codename": "view_emailaddress"}}, {"model": "auth.permission", "pk": 33, "fields": {"name": "Can add email confirmation", "content_type": 9, "codename": "add_emailconfirmation"}}, {"model": "auth.permission", "pk": 34, "fields": {"name": "Can change email confirmation", "content_type": 9, "codename": "change_emailconfirmation"}}, {"model": "auth.permission", "pk": 35, "fields": {"name": "Can delete email confirmation", "content_type": 9, "codename": "delete_emailconfirmation"}}, {"model": "auth.permission", "pk": 36, "fields": {"name": "Can view email confirmation", "content_type": 9, "codename": "view_emailconfirmation"}}, {"model": "auth.permission", "pk": 37, "fields": {"name": "Can add social account", "content_type": 10, "codename": "add_socialaccount"}}, {"model": "auth.permission", "pk": 38, "fields": {"name": "Can change social account", "content_type": 10, "codename": "change_socialaccount"}}, {"model": "auth.permission", "pk": 39, "fields": {"name": "Can delete social account", "content_type": 10, "codename": "delete_socialaccount"}}, {"model": "auth.permission", "pk": 40, "fields": {"name": "Can view social account", "content_type": 10, "codename": "view_socialaccount"}}, {"model": "auth.permission", "pk": 41, "fields": {"name": "Can add social application", "content_type": 11, "codename": "add_socialapp"}}, {"model": "auth.permission", "pk": 42, "fields": {"name": "Can change social application", "content_type": 11, "codename": "change_socialapp"}}, {"model": "auth.permission", "pk": 43, "fields": {"name": "Can delete social application", "content_type": 11, "codename": "delete_socialapp"}}, {"model": "auth.permission", "pk": 44, "fields": {"name": "Can view social application", "content_type": 11, "codename": "view_socialapp"}}, {"model": "auth.permission", "pk": 45, "fields": {"name": "Can add social application token", "content_type": 12, "codename": "add_socialtoken"}}, {"model": "auth.permission", "pk": 46, "fields": {"name": "Can change social application token", "content_type": 12, "codename": "change_socialtoken"}}, {"model": "auth.permission", "pk": 47, "fields": {"name": "Can delete social application token", "content_type": 12, "codename": "delete_socialtoken"}}, {"model": "auth.permission", "pk": 48, "fields": {"name": "Can view social application token", "content_type": 12, "codename": "view_socialtoken"}}, {"model": "auth.permission", "pk": 49, "fields": {"name": "Can add product", "content_type": 13, "codename": "add_product"}}, {"model": "auth.permission", "pk": 50, "fields": {"name": "Can change product", "content_type": 13, "codename": "change_product"}}, {"model": "auth.permission", "pk": 51, "fields": {"name": "Can delete product", "content_type": 13, "codename": "delete_product"}}, {"model": "auth.permission", "pk": 52, "fields": {"name": "Can view product", "content_type": 13, "codename": "view_product"}}, {"model": "auth.permission", "pk": 53, "fields": {"name": "Can add category", "content_type": 14, "codename": "add_category"}}, {"model": "auth.permission", "pk": 54, "fields": {"name": "Can change category", "content_type": 14, "codename": "change_category"}}, {"model": "auth.permission", "pk": 55, "fields": {"name": "Can delete category", "content_type": 14, "codename": "delete_category"}}, {"model": "auth.permission", "pk": 56, "fields": {"name": "Can view category", "content_type": 14, "codename": "view_category"}}, {"model": "auth.permission", "pk": 57, "fields": {"name": "Can add bookings", "content_type": 15, "codename": "add_bookings"}}, {"model": "auth.permission", "pk": 58, "fields": {"name": "Can change bookings", "content_type": 15, "codename": "change_bookings"}}, {"model": "auth.permission", "pk": 59, "fields": {"name": "Can delete bookings", "content_type": 15, "codename": "delete_bookings"}}, {"model": "auth.permission", "pk": 60, "fields": {"name": "Can view bookings", "content_type": 15, "codename": "view_bookings"}}, {"model": "auth.permission", "pk": 61, "fields": {"name": "Can add services", "content_type": 16, "codename": "add_services"}}, {"model": "auth.permission", "pk": 62, "fields": {"name": "Can change services", "content_type": 16, "codename": "change_services"}}, {"model": "auth.permission", "pk": 63, "fields": {"name": "Can delete services", "content_type": 16, "codename": "delete_services"}}, {"model": "auth.permission", "pk": 64, "fields": {"name": "Can view services", "content_type": 16, "codename": "view_services"}}, {"model": "auth.permission", "pk": 65, "fields": {"name": "Can add service_ category", "content_type": 17, "codename": "add_service_category"}}, {"model": "auth.permission", "pk": 66, "fields": {"name": "Can change service_ category", "content_type": 17, "codename": "change_service_category"}}, {"model": "auth.permission", "pk": 67, "fields": {"name": "Can delete service_ category", "content_type": 17, "codename": "delete_service_category"}}, {"model": "auth.permission", "pk": 68, "fields": {"name": "Can view service_ category", "content_type": 17, "codename": "view_service_category"}}, {"model": "auth.permission", "pk": 69, "fields": {"name": "Can add service category", "content_type": 17, "codename": "add_servicecategory"}}, {"model": "auth.permission", "pk": 70, "fields": {"name": "Can change service category", "content_type": 17, "codename": "change_servicecategory"}}, {"model": "auth.permission", "pk": 71, "fields": {"name": "Can delete service category", "content_type": 17, "codename": "delete_servicecategory"}}, {"model": "auth.permission", "pk": 72, "fields": {"name": "Can view service category", "content_type": 17, "codename": "view_servicecategory"}}, {"model": "auth.permission", "pk": 73, "fields": {"name": "Can add brand", "content_type": 18, "codename": "add_brand"}}, {"model": "auth.permission", "pk": 74, "fields": {"name": "Can change brand", "content_type": 18, "codename": "change_brand"}}, {"model": "auth.permission", "pk": 75, "fields": {"name": "Can delete brand", "content_type": 18, "codename": "delete_brand"}}, {"model": "auth.permission", "pk": 76, "fields": {"name": "Can view brand", "content_type": 18, "codename": "view_brand"}}, {"model": "auth.permission", "pk": 77, "fields": {"name": "Can add open hours", "content_type": 19, "codename": "add_openhours"}}, {"model": "auth.permission", "pk": 78, "fields": {"name": "Can change open hours", "content_type": 19, "codename": "change_openhours"}}, {"model": "auth.permission", "pk": 79, "fields": {"name": "Can delete open hours", "content_type": 19, "codename": "delete_openhours"}}, {"model": "auth.permission", "pk": 80, "fields": {"name": "Can view open hours", "content_type": 19, "codename": "view_openhours"}}, {"model": "auth.permission", "pk": 81, "fields": {"name": "Can add about us", "content_type": 20, "codename": "add_aboutus"}}, {"model": "auth.permission", "pk": 82, "fields": {"name": "Can change about us", "content_type": 20, "codename": "change_aboutus"}}, {"model": "auth.permission", "pk": 83, "fields": {"name": "Can delete about us", "content_type": 20, "codename": "delete_aboutus"}}, {"model": "auth.permission", "pk": 84, "fields": {"name": "Can view about us", "content_type": 20, "codename": "view_aboutus"}}, {"model": "auth.permission", "pk": 85, "fields": {"name": "Can add order", "content_type": 21, "codename": "add_order"}}, {"model": "auth.permission", "pk": 86, "fields": {"name": "Can change order", "content_type": 21, "codename": "change_order"}}, {"model": "auth.permission", "pk": 87, "fields": {"name": "Can delete order", "content_type": 21, "codename": "delete_order"}}, {"model": "auth.permission", "pk": 88, "fields": {"name": "Can view order", "content_type": 21, "codename": "view_order"}}, {"model": "auth.permission", "pk": 89, "fields": {"name": "Can add order line item", "content_type": 22, "codename": "add_orderlineitem"}}, {"model": "auth.permission", "pk": 90, "fields": {"name": "Can change order line item", "content_type": 22, "codename": "change_orderlineitem"}}, {"model": "auth.permission", "pk": 91, "fields": {"name": "Can delete order line item", "content_type": 22, "codename": "delete_orderlineitem"}}, {"model": "auth.permission", "pk": 92, "fields": {"name": "Can view order line item", "content_type": 22, "codename": "view_orderlineitem"}}, {"model": "auth.permission", "pk": 93, "fields": {"name": "Can add sitesettings", "content_type": 23, "codename": "add_sitesettings"}}, {"model": "auth.permission", "pk": 94, "fields": {"name": "Can change sitesettings", "content_type": 23, "codename": "change_sitesettings"}}, {"model": "auth.permission", "pk": 95, "fields": {"name": "Can delete sitesettings", "content_type": 23, "codename": "delete_sitesettings"}}, {"model": "auth.permission", "pk": 96, "fields": {"name": "Can view sitesettings", "content_type": 23, "codename": "view_sitesettings"}}, {"model": "auth.permission", "pk": 97, "fields": {"name": "Can add staff", "content_type": 24, "codename": "add_staff"}}, {"model": "auth.permission", "pk": 98, "fields": {"name": "Can change staff", "content_type": 24, "codename": "change_staff"}}, {"model": "auth.permission", "pk": 99, "fields": {"name": "Can delete staff", "content_type": 24, "codename": "delete_staff"}}, {"model": "auth.permission", "pk": 100, "fields": {"name": "Can view staff", "content_type": 24, "codename": "view_staff"}}, {"model": "auth.user", "pk": 1, "fields": {"password": "pbkdf2_sha256$180000$pBW2kim3TWfT$07+RJenhbck2IWQk59TsMxCJGWkxdGaFbLxIKnHV1Gc=", "last_login": null, "is_superuser": true, "username": "dobuzzin", "first_name": "", "last_name": "", "email": "davidclody@hotmail.com", "is_staff": true, "is_active": true, "date_joined": "2020-10-04T09:01:46.040Z", "groups": [], "user_permissions": []}}, {"model": "auth.user", "pk": 2, "fields": {"password": "pbkdf2_sha256$180000$wRq17CEaHVoN$ssBUd8ZGl+f2qLHAQdUHcyekD0VXGZk1l6SFfOxTTis=", "last_login": "2020-12-20T22:40:42.617Z", "is_superuser": true, "username": "dkoneill", "first_name": "", "last_name": "", "email": "davidclody@hotmail.com", "is_staff": true, "is_active": true, "date_joined": "2020-10-09T08:45:46.230Z", "groups": [], "user_permissions": []}}, {"model": "account.emailaddress", "pk": 1, "fields": {"user": 2, "email": "davidclody@hotmail.com", "verified": true, "primary": true}}, {"model": "admin.logentry", "pk": 1, "fields": {"action_time": "2020-10-09T08:59:05.079Z", "user": 2, "content_type": 7, "object_id": "1", "object_repr": "beauty4u.example.com", "action_flag": 2, "change_message": "[{\"changed\": {\"fields\": [\"Domain name\", \"Display name\"]}}]"}}, {"model": "admin.logentry", "pk": 2, "fields": {"action_time": "2020-10-09T09:04:03.082Z", "user": 2, "content_type": 8, "object_id": "1", "object_repr": "davidclody@hotmail.com", "action_flag": 2, "change_message": "[{\"changed\": {\"fields\": [\"Verified\", \"Primary\"]}}]"}}, {"model": "admin.logentry", "pk": 3, "fields": {"action_time": "2020-10-11T14:49:03.708Z", "user": 2, "content_type": 13, "object_id": "4", "object_repr": "Dermalogica Special Cleansing Gel", "action_flag": 2, "change_message": "[{\"changed\": {\"fields\": [\"Image\"]}}]"}}, {"model": "admin.logentry", "pk": 4, "fields": {"action_time": "2020-10-11T14:58:24.510Z", "user": 2, "content_type": 13, "object_id": "5", "object_repr": "Jane Iredale PurePressed Base Mineral Foundation Refill", "action_flag": 1, "change_message": "[{\"added\": {}}]"}}, {"model": "admin.logentry", "pk": 5, "fields": {"action_time": "2020-10-11T15:00:52.022Z", "user": 2, "content_type": 13, "object_id": "6", "object_repr": "Jane Iredale Liquid Minerals Foundation", "action_flag": 1, "change_message": "[{\"added\": {}}]"}}, {"model": "admin.logentry", "pk": 6, "fields": {"action_time": "2020-10-13T17:15:15.153Z", "user": 2, "content_type": 15, "object_id": "1", "object_repr": "David", "action_flag": 1, "change_message": "[{\"added\": {}}]"}}, {"model": "admin.logentry", "pk": 7, "fields": {"action_time": "2020-10-13T17:23:22.261Z", "user": 2, "content_type": 15, "object_id": "1", "object_repr": "David", "action_flag": 2, "change_message": "[{\"changed\": {\"fields\": [\"Username\"]}}]"}}, {"model": "admin.logentry", "pk": 8, "fields": {"action_time": "2020-10-13T17:28:33.032Z", "user": 2, "content_type": 15, "object_id": "1", "object_repr": "David", "action_flag": 3, "change_message": ""}}, {"model": "admin.logentry", "pk": 9, "fields": {"action_time": "2020-10-13T17:29:30.894Z", "user": 2, "content_type": 15, "object_id": "2", "object_repr": "David", "action_flag": 1, "change_message": "[{\"added\": {}}]"}}, {"model": "admin.logentry", "pk": 10, "fields": {"action_time": "2020-10-13T19:09:20.798Z", "user": 2, "content_type": 15, "object_id": "6", "object_repr": "David O Neill", "action_flag": 3, "change_message": ""}}, {"model": "admin.logentry", "pk": 11, "fields": {"action_time": "2020-10-13T19:09:20.801Z", "user": 2, "content_type": 15, "object_id": "5", "object_repr": "David O Neill", "action_flag": 3, "change_message": ""}}, {"model": "admin.logentry", "pk": 12, "fields": {"action_time": "2020-10-13T19:09:20.802Z", "user": 2, "content_type": 15, "object_id": "4", "object_repr": "David O Neill", "action_flag": 3, "change_message": ""}}, {"model": "admin.logentry", "pk": 13, "fields": {"action_time": "2020-10-13T19:09:20.803Z", "user": 2, "content_type": 15, "object_id": "3", "object_repr": "David O Neill", "action_flag": 3, "change_message": ""}}, {"model": "admin.logentry", "pk": 14, "fields": {"action_time": "2020-10-13T19:09:20.804Z", "user": 2, "content_type": 15, "object_id": "2", "object_repr": "David", "action_flag": 3, "change_message": ""}}, {"model": "admin.logentry", "pk": 15, "fields": {"action_time": "2020-10-13T19:14:46.390Z", "user": 2, "content_type": 17, "object_id": "1", "object_repr": "Hair", "action_flag": 1, "change_message": "[{\"added\": {}}]"}}, {"model": "admin.logentry", "pk": 16, "fields": {"action_time": "2020-10-13T19:14:51.502Z", "user": 2, "content_type": 17, "object_id": "2", "object_repr": "Make Up", "action_flag": 1, "change_message": "[{\"added\": {}}]"}}, {"model": "admin.logentry", "pk": 17, "fields": {"action_time": "2020-10-13T19:15:11.838Z", "user": 2, "content_type": 17, "object_id": "3", "object_repr": "Nails", "action_flag": 1, "change_message": "[{\"added\": {}}]"}}, {"model": "admin.logentry", "pk": 18, "fields": {"action_time": "2020-10-13T19:21:55.093Z", "user": 2, "content_type": 16, "object_id": "1", "object_repr": "Blow Dry", "action_flag": 1, "change_message": "[{\"added\": {}}]"}}, {"model": "admin.logentry", "pk": 19, "fields": {"action_time": "2020-10-13T20:14:25.038Z", "user": 2, "content_type": 16, "object_id": "2", "object_repr": "Gel Nails", "action_flag": 1, "change_message": "[{\"added\": {}}]"}}, {"model": "admin.logentry", "pk": 20, "fields": {"action_time": "2020-10-13T20:27:14.932Z", "user": 2, "content_type": 16, "object_id": "3", "object_repr": "Wedding Make Up", "action_flag": 1, "change_message": "[{\"added\": {}}]"}}, {"model": "admin.logentry", "pk": 21, "fields": {"action_time": "2020-10-18T07:23:00.170Z", "user": 2, "content_type": 16, "object_id": "4", "object_repr": "Curl", "action_flag": 1, "change_message": "[{\"added\": {}}]"}}, {"model": "admin.logentry", "pk": 22, "fields": {"action_time": "2020-10-18T07:23:23.797Z", "user": 2, "content_type": 16, "object_id": "5", "object_repr": "cut", "action_flag": 1, "change_message": "[{\"added\": {}}]"}}, {"model": "admin.logentry", "pk": 23, "fields": {"action_time": "2020-10-18T07:23:38.695Z", "user": 2, "content_type": 16, "object_id": "5", "object_repr": "Cut", "action_flag": 2, "change_message": "[{\"changed\": {\"fields\": [\"Name\"]}}]"}}, {"model": "admin.logentry", "pk": 24, "fields": {"action_time": "2020-10-25T09:48:24.852Z", "user": 2, "content_type": 18, "object_id": "1", "object_repr": "Alfaparf", "action_flag": 1, "change_message": "[{\"added\": {}}]"}}, {"model": "admin.logentry", "pk": 25, "fields": {"action_time": "2020-10-25T09:48:35.442Z", "user": 2, "content_type": 18, "object_id": "2", "object_repr": "Dermalogica", "action_flag": 1, "change_message": "[{\"added\": {}}]"}}, {"model": "admin.logentry", "pk": 26, "fields": {"action_time": "2020-10-25T09:48:53.470Z", "user": 2, "content_type": 18, "object_id": "3", "object_repr": "Jane Iredale", "action_flag": 1, "change_message": "[{\"added\": {}}]"}}, {"model": "admin.logentry", "pk": 27, "fields": {"action_time": "2020-10-25T09:49:07.106Z", "user": 2, "content_type": 13, "object_id": "2", "object_repr": "Alfaparf Semi Di Lino Curls", "action_flag": 2, "change_message": "[{\"changed\": {\"fields\": [\"Brand\"]}}]"}}, {"model": "admin.logentry", "pk": 28, "fields": {"action_time": "2020-10-25T09:49:11.472Z", "user": 2, "content_type": 13, "object_id": "1", "object_repr": "Alfaparf Semi Di Lino Hydrating Co Wash", "action_flag": 2, "change_message": "[{\"changed\": {\"fields\": [\"Brand\"]}}]"}}, {"model": "admin.logentry", "pk": 29, "fields": {"action_time": "2020-10-25T09:49:19.037Z", "user": 2, "content_type": 13, "object_id": "3", "object_repr": "Dermalogica Skin Smoothing 2.0", "action_flag": 2, "change_message": "[{\"changed\": {\"fields\": [\"Brand\"]}}]"}}, {"model": "admin.logentry", "pk": 30, "fields": {"action_time": "2020-10-25T09:49:24.496Z", "user": 2, "content_type": 13, "object_id": "4", "object_repr": "Dermalogica Special Cleansing Gel", "action_flag": 2, "change_message": "[{\"changed\": {\"fields\": [\"Brand\"]}}]"}}, {"model": "admin.logentry", "pk": 31, "fields": {"action_time": "2020-10-25T09:49:29.297Z", "user": 2, "content_type": 13, "object_id": "6", "object_repr": "Jane Iredale Liquid Minerals Foundation", "action_flag": 2, "change_message": "[{\"changed\": {\"fields\": [\"Brand\"]}}]"}}, {"model": "admin.logentry", "pk": 32, "fields": {"action_time": "2020-10-25T09:49:33.599Z", "user": 2, "content_type": 13, "object_id": "5", "object_repr": "Jane Iredale PurePressed Base Mineral Foundation Refill", "action_flag": 2, "change_message": "[{\"changed\": {\"fields\": [\"Brand\"]}}]"}}, {"model": "admin.logentry", "pk": 33, "fields": {"action_time": "2020-10-25T10:29:56.228Z", "user": 2, "content_type": 18, "object_id": "3", "object_repr": "Jane Iredale", "action_flag": 2, "change_message": "[]"}}, {"model": "admin.logentry", "pk": 34, "fields": {"action_time": "2020-10-25T10:34:12.335Z", "user": 2, "content_type": 13, "object_id": "2", "object_repr": "Alfaparf Semi Di Lino Curls", "action_flag": 2, "change_message": "[]"}}, {"model": "admin.logentry", "pk": 35, "fields": {"action_time": "2020-10-25T10:47:47.664Z", "user": 2, "content_type": 18, "object_id": "1", "object_repr": "Alfaparf", "action_flag": 2, "change_message": "[]"}}, {"model": "admin.logentry", "pk": 36, "fields": {"action_time": "2020-10-25T16:21:25.680Z", "user": 2, "content_type": 18, "object_id": "4", "object_repr": "Joico", "action_flag": 1, "change_message": "[{\"added\": {}}]"}}, {"model": "admin.logentry", "pk": 37, "fields": {"action_time": "2020-10-25T16:21:33.440Z", "user": 2, "content_type": 18, "object_id": "5", "object_repr": "Moroccanoil", "action_flag": 1, "change_message": "[{\"added\": {}}]"}}, {"model": "admin.logentry", "pk": 38, "fields": {"action_time": "2020-10-25T16:21:48.081Z", "user": 2, "content_type": 18, "object_id": "6", "object_repr": "SoSu", "action_flag": 1, "change_message": "[{\"added\": {}}]"}}, {"model": "admin.logentry", "pk": 39, "fields": {"action_time": "2020-10-25T16:21:53.525Z", "user": 2, "content_type": 18, "object_id": "7", "object_repr": "Olaplex", "action_flag": 1, "change_message": "[{\"added\": {}}]"}}, {"model": "admin.logentry", "pk": 40, "fields": {"action_time": "2020-10-25T16:28:23.619Z", "user": 2, "content_type": 18, "object_id": "1", "object_repr": "Alfaparf", "action_flag": 2, "change_message": "[{\"changed\": {\"fields\": [\"Logo\"]}}]"}}, {"model": "admin.logentry", "pk": 41, "fields": {"action_time": "2020-10-25T16:34:22.513Z", "user": 2, "content_type": 18, "object_id": "2", "object_repr": "Dermalogica", "action_flag": 2, "change_message": "[{\"changed\": {\"fields\": [\"Logo\"]}}]"}}, {"model": "admin.logentry", "pk": 42, "fields": {"action_time": "2020-10-25T16:35:07.578Z", "user": 2, "content_type": 18, "object_id": "2", "object_repr": "Dermalogica", "action_flag": 2, "change_message": "[{\"changed\": {\"fields\": [\"Logo\"]}}]"}}, {"model": "admin.logentry", "pk": 43, "fields": {"action_time": "2020-10-25T16:35:46.821Z", "user": 2, "content_type": 18, "object_id": "3", "object_repr": "Jane Iredale", "action_flag": 2, "change_message": "[{\"changed\": {\"fields\": [\"Logo\"]}}]"}}, {"model": "admin.logentry", "pk": 44, "fields": {"action_time": "2020-10-25T16:36:15.025Z", "user": 2, "content_type": 18, "object_id": "4", "object_repr": "Joico", "action_flag": 2, "change_message": "[{\"changed\": {\"fields\": [\"Logo\"]}}]"}}, {"model": "admin.logentry", "pk": 45, "fields": {"action_time": "2020-10-25T16:36:47.803Z", "user": 2, "content_type": 18, "object_id": "5", "object_repr": "Moroccanoil", "action_flag": 2, "change_message": "[{\"changed\": {\"fields\": [\"Logo\"]}}]"}}, {"model": "admin.logentry", "pk": 46, "fields": {"action_time": "2020-10-25T16:37:16.294Z", "user": 2, "content_type": 18, "object_id": "6", "object_repr": "SoSu", "action_flag": 2, "change_message": "[{\"changed\": {\"fields\": [\"Logo\"]}}]"}}, {"model": "admin.logentry", "pk": 47, "fields": {"action_time": "2020-10-25T16:38:13.953Z", "user": 2, "content_type": 18, "object_id": "7", "object_repr": "Olaplex", "action_flag": 2, "change_message": "[{\"changed\": {\"fields\": [\"Logo\"]}}]"}}, {"model": "admin.logentry", "pk": 48, "fields": {"action_time": "2020-11-22T12:06:26.276Z", "user": 2, "content_type": 13, "object_id": "3", "object_repr": "Dermalogica Skin Smoothing 2.0", "action_flag": 2, "change_message": "[{\"changed\": {\"fields\": [\"Sale price\"]}}]"}}, {"model": "admin.logentry", "pk": 49, "fields": {"action_time": "2020-11-22T12:09:27.141Z", "user": 2, "content_type": 13, "object_id": "6", "object_repr": "Jane Iredale Liquid Minerals Foundation", "action_flag": 2, "change_message": "[{\"changed\": {\"fields\": [\"Sale price\"]}}]"}}, {"model": "admin.logentry", "pk": 50, "fields": {"action_time": "2020-12-04T19:06:49.938Z", "user": 2, "content_type": 19, "object_id": "1", "object_repr": "Monday", "action_flag": 1, "change_message": "[{\"added\": {}}]"}}, {"model": "admin.logentry", "pk": 51, "fields": {"action_time": "2020-12-04T19:06:54.640Z", "user": 2, "content_type": 19, "object_id": "1", "object_repr": "Monday", "action_flag": 2, "change_message": "[]"}}, {"model": "admin.logentry", "pk": 52, "fields": {"action_time": "2020-12-04T21:00:34.920Z", "user": 2, "content_type": 19, "object_id": "5", "object_repr": "WEDNESDAY", "action_flag": 3, "change_message": ""}}, {"model": "admin.logentry", "pk": 53, "fields": {"action_time": "2020-12-04T21:00:34.922Z", "user": 2, "content_type": 19, "object_id": "4", "object_repr": "WEDNESDAY", "action_flag": 3, "change_message": ""}}, {"model": "admin.logentry", "pk": 54, "fields": {"action_time": "2020-12-04T21:00:34.939Z", "user": 2, "content_type": 19, "object_id": "3", "object_repr": "THURSDAY", "action_flag": 3, "change_message": ""}}, {"model": "admin.logentry", "pk": 55, "fields": {"action_time": "2020-12-04T21:00:34.959Z", "user": 2, "content_type": 19, "object_id": "2", "object_repr": "Tuesday", "action_flag": 3, "change_message": ""}}, {"model": "admin.logentry", "pk": 56, "fields": {"action_time": "2020-12-04T21:00:34.961Z", "user": 2, "content_type": 19, "object_id": "1", "object_repr": "Monday", "action_flag": 3, "change_message": ""}}, {"model": "admin.logentry", "pk": 57, "fields": {"action_time": "2020-12-04T21:21:15.701Z", "user": 2, "content_type": 19, "object_id": "10", "object_repr": "MONDAY", "action_flag": 3, "change_message": ""}}, {"model": "admin.logentry", "pk": 58, "fields": {"action_time": "2020-12-04T21:21:15.705Z", "user": 2, "content_type": 19, "object_id": "9", "object_repr": "TUESDAY", "action_flag": 3, "change_message": ""}}, {"model": "admin.logentry", "pk": 59, "fields": {"action_time": "2020-12-04T21:21:15.706Z", "user": 2, "content_type": 19, "object_id": "8", "object_repr": "WEDNESDAY", "action_flag": 3, "change_message": ""}}, {"model": "admin.logentry", "pk": 60, "fields": {"action_time": "2020-12-04T21:21:15.707Z", "user": 2, "content_type": 19, "object_id": "7", "object_repr": "TUESDAY", "action_flag": 3, "change_message": ""}}, {"model": "admin.logentry", "pk": 61, "fields": {"action_time": "2020-12-04T21:21:15.709Z", "user": 2, "content_type": 19, "object_id": "6", "object_repr": "MONDAY", "action_flag": 3, "change_message": ""}}, {"model": "admin.logentry", "pk": 62, "fields": {"action_time": "2020-12-04T22:41:31.523Z", "user": 2, "content_type": 19, "object_id": "12", "object_repr": "MONDAY", "action_flag": 3, "change_message": ""}}, {"model": "admin.logentry", "pk": 63, "fields": {"action_time": "2020-12-04T22:41:31.527Z", "user": 2, "content_type": 19, "object_id": "11", "object_repr": "MONDAY", "action_flag": 3, "change_message": ""}}, {"model": "admin.logentry", "pk": 64, "fields": {"action_time": "2020-12-04T22:44:59.133Z", "user": 2, "content_type": 19, "object_id": "13", "object_repr": "MONDAY", "action_flag": 1, "change_message": "[{\"added\": {}}]"}}, {"model": "admin.logentry", "pk": 65, "fields": {"action_time": "2020-12-04T22:48:09.192Z", "user": 2, "content_type": 19, "object_id": "14", "object_repr": "MONDAY", "action_flag": 3, "change_message": ""}}, {"model": "admin.logentry", "pk": 66, "fields": {"action_time": "2020-12-04T22:48:09.195Z", "user": 2, "content_type": 19, "object_id": "13", "object_repr": "MONDAY", "action_flag": 3, "change_message": ""}}, {"model": "admin.logentry", "pk": 67, "fields": {"action_time": "2020-12-04T23:00:15.984Z", "user": 2, "content_type": 19, "object_id": "19", "object_repr": "MONDAY", "action_flag": 3, "change_message": ""}}, {"model": "admin.logentry", "pk": 68, "fields": {"action_time": "2020-12-04T23:00:15.987Z", "user": 2, "content_type": 19, "object_id": "18", "object_repr": "MONDAY", "action_flag": 3, "change_message": ""}}, {"model": "admin.logentry", "pk": 69, "fields": {"action_time": "2020-12-04T23:00:15.989Z", "user": 2, "content_type": 19, "object_id": "17", "object_repr": "MONDAY", "action_flag": 3, "change_message": ""}}, {"model": "admin.logentry", "pk": 70, "fields": {"action_time": "2020-12-04T23:00:15.990Z", "user": 2, "content_type": 19, "object_id": "16", "object_repr": "MONDAY", "action_flag": 3, "change_message": ""}}, {"model": "admin.logentry", "pk": 71, "fields": {"action_time": "2020-12-04T23:00:15.992Z", "user": 2, "content_type": 19, "object_id": "15", "object_repr": "MONDAY", "action_flag": 3, "change_message": ""}}, {"model": "admin.logentry", "pk": 72, "fields": {"action_time": "2020-12-04T23:14:32.345Z", "user": 2, "content_type": 19, "object_id": "20", "object_repr": "MONDAY", "action_flag": 1, "change_message": "[{\"added\": {}}]"}}, {"model": "admin.logentry", "pk": 73, "fields": {"action_time": "2020-12-04T23:20:31.250Z", "user": 2, "content_type": 19, "object_id": "20", "object_repr": "TUESDAY", "action_flag": 3, "change_message": ""}}, {"model": "admin.logentry", "pk": 74, "fields": {"action_time": "2020-12-04T23:59:58.332Z", "user": 2, "content_type": 20, "object_id": "1", "object_repr": "About Us", "action_flag": 1, "change_message": "[{\"added\": {}}]"}}, {"model": "admin.logentry", "pk": 75, "fields": {"action_time": "2020-12-05T00:43:25.669Z", "user": 2, "content_type": 13, "object_id": "7", "object_repr": "New Product Test", "action_flag": 3, "change_message": ""}}, {"model": "admin.logentry", "pk": 76, "fields": {"action_time": "2020-12-11T10:46:23.525Z", "user": 2, "content_type": 21, "object_id": "3", "object_repr": "97BD6DD198BB49C18CBB1FE4AF3B382B", "action_flag": 3, "change_message": ""}}, {"model": "admin.logentry", "pk": 77, "fields": {"action_time": "2020-12-11T10:46:23.529Z", "user": 2, "content_type": 21, "object_id": "2", "object_repr": "344FC5058B78423BBDF691CFCA129BC2", "action_flag": 3, "change_message": ""}}, {"model": "admin.logentry", "pk": 78, "fields": {"action_time": "2020-12-11T10:46:23.531Z", "user": 2, "content_type": 21, "object_id": "1", "object_repr": "0C01BE7D0E8243668F5A48CDBECF50A2", "action_flag": 3, "change_message": ""}}, {"model": "admin.logentry", "pk": 79, "fields": {"action_time": "2020-12-11T10:48:46.390Z", "user": 2, "content_type": 21, "object_id": "3", "object_repr": "97BD6DD198BB49C18CBB1FE4AF3B382B", "action_flag": 3, "change_message": ""}}, {"model": "admin.logentry", "pk": 80, "fields": {"action_time": "2020-12-11T10:48:46.394Z", "user": 2, "content_type": 21, "object_id": "2", "object_repr": "344FC5058B78423BBDF691CFCA129BC2", "action_flag": 3, "change_message": ""}}, {"model": "admin.logentry", "pk": 81, "fields": {"action_time": "2020-12-11T10:48:46.395Z", "user": 2, "content_type": 21, "object_id": "1", "object_repr": "0C01BE7D0E8243668F5A48CDBECF50A2", "action_flag": 3, "change_message": ""}}, {"model": "admin.logentry", "pk": 82, "fields": {"action_time": "2020-12-11T10:48:59.714Z", "user": 2, "content_type": 21, "object_id": "4", "object_repr": "CCE40F5FF24544E1BFBA74EB56582E06", "action_flag": 3, "change_message": ""}}, {"model": "admin.logentry", "pk": 83, "fields": {"action_time": "2020-12-19T21:11:34.519Z", "user": 2, "content_type": 15, "object_id": "7", "object_repr": "David O Neill", "action_flag": 3, "change_message": ""}}, {"model": "admin.logentry", "pk": 84, "fields": {"action_time": "2020-12-19T21:11:50.228Z", "user": 2, "content_type": 15, "object_id": "8", "object_repr": "David O Neill", "action_flag": 1, "change_message": "[{\"added\": {}}]"}}, {"model": "admin.logentry", "pk": 85, "fields": {"action_time": "2020-12-19T21:12:12.684Z", "user": 2, "content_type": 15, "object_id": "9", "object_repr": "Barbara O Neill", "action_flag": 1, "change_message": "[{\"added\": {}}]"}}, {"model": "admin.logentry", "pk": 86, "fields": {"action_time": "2020-12-19T21:15:51.752Z", "user": 2, "content_type": 15, "object_id": "10", "object_repr": "Karl O Neill", "action_flag": 1, "change_message": "[{\"added\": {}}]"}}, {"model": "admin.logentry", "pk": 87, "fields": {"action_time": "2020-12-19T21:18:35.898Z", "user": 2, "content_type": 15, "object_id": "8", "object_repr": "David O Neill", "action_flag": 2, "change_message": "[{\"changed\": {\"fields\": [\"Time\"]}}]"}}, {"model": "admin.logentry", "pk": 88, "fields": {"action_time": "2020-12-19T21:19:30.260Z", "user": 2, "content_type": 15, "object_id": "11", "object_repr": "Yana Bersunukayeva", "action_flag": 1, "change_message": "[{\"added\": {}}]"}}, {"model": "admin.logentry", "pk": 89, "fields": {"action_time": "2020-12-21T13:36:19.179Z", "user": 2, "content_type": 23, "object_id": "1", "object_repr": "Free Shipping Threshold", "action_flag": 1, "change_message": "[{\"added\": {}}]"}}, {"model": "admin.logentry", "pk": 90, "fields": {"action_time": "2020-12-21T13:36:47.608Z", "user": 2, "content_type": 23, "object_id": "1", "object_repr": "Free Shipping Threshold", "action_flag": 2, "change_message": "[]"}}, {"model": "admin.logentry", "pk": 91, "fields": {"action_time": "2020-12-21T14:59:38.642Z", "user": 2, "content_type": 23, "object_id": "1", "object_repr": "Free Shipping Threshold", "action_flag": 2, "change_message": "[]"}}, {"model": "admin.logentry", "pk": 92, "fields": {"action_time": "2020-12-21T15:14:42.808Z", "user": 2, "content_type": 23, "object_id": "1", "object_repr": "Free Shipping Threshold", "action_flag": 2, "change_message": "[{\"changed\": {\"fields\": [\"Status\"]}}]"}}, {"model": "admin.logentry", "pk": 93, "fields": {"action_time": "2020-12-21T15:15:15.662Z", "user": 2, "content_type": 23, "object_id": "1", "object_repr": "Free Shipping Threshold", "action_flag": 2, "change_message": "[{\"changed\": {\"fields\": [\"Status\"]}}]"}}, {"model": "admin.logentry", "pk": 94, "fields": {"action_time": "2020-12-21T18:08:06.932Z", "user": 2, "content_type": 23, "object_id": "1", "object_repr": "Free Shipping Threshold", "action_flag": 2, "change_message": "[{\"changed\": {\"fields\": [\"Description\"]}}]"}}, {"model": "admin.logentry", "pk": 95, "fields": {"action_time": "2020-12-21T18:09:31.861Z", "user": 2, "content_type": 23, "object_id": "1", "object_repr": "Free Shipping Threshold", "action_flag": 2, "change_message": "[]"}}, {"model": "admin.logentry", "pk": 96, "fields": {"action_time": "2020-12-23T08:45:08.639Z", "user": 2, "content_type": 23, "object_id": "2", "object_repr": "Standard Shipping", "action_flag": 1, "change_message": "[{\"added\": {}}]"}}, {"model": "admin.logentry", "pk": 97, "fields": {"action_time": "2020-12-23T08:45:38.509Z", "user": 2, "content_type": 23, "object_id": "2", "object_repr": "Standard Shipping", "action_flag": 2, "change_message": "[]"}}, {"model": "admin.logentry", "pk": 98, "fields": {"action_time": "2020-12-23T08:48:27.091Z", "user": 2, "content_type": 23, "object_id": "2", "object_repr": "Standard Shipping", "action_flag": 2, "change_message": "[{\"changed\": {\"fields\": [\"Description\"]}}]"}}, {"model": "admin.logentry", "pk": 99, "fields": {"action_time": "2020-12-23T10:43:23.369Z", "user": 2, "content_type": 23, "object_id": "1", "object_repr": "Free Shipping Threshold", "action_flag": 2, "change_message": "[{\"changed\": {\"fields\": [\"Description\"]}}]"}}, {"model": "admin.logentry", "pk": 100, "fields": {"action_time": "2020-12-23T10:46:08.197Z", "user": 2, "content_type": 23, "object_id": "3", "object_repr": "Click & Collect", "action_flag": 1, "change_message": "[{\"added\": {}}]"}}, {"model": "admin.logentry", "pk": 101, "fields": {"action_time": "2020-12-23T10:46:39.057Z", "user": 2, "content_type": 23, "object_id": "3", "object_repr": "Click & Collect", "action_flag": 2, "change_message": "[{\"changed\": {\"fields\": [\"Status\"]}}]"}}, {"model": "admin.logentry", "pk": 102, "fields": {"action_time": "2020-12-23T10:46:50.611Z", "user": 2, "content_type": 23, "object_id": "3", "object_repr": "Click & Collect", "action_flag": 2, "change_message": "[{\"changed\": {\"fields\": [\"Status\"]}}]"}}, {"model": "admin.logentry", "pk": 103, "fields": {"action_time": "2020-12-23T10:49:01.988Z", "user": 2, "content_type": 23, "object_id": "3", "object_repr": "Click & Collect", "action_flag": 2, "change_message": "[{\"changed\": {\"fields\": [\"Description\"]}}]"}}, {"model": "admin.logentry", "pk": 104, "fields": {"action_time": "2020-12-23T11:32:55.478Z", "user": 2, "content_type": 24, "object_id": "1", "object_repr": "Sarah", "action_flag": 1, "change_message": "[{\"added\": {}}]"}}, {"model": "admin.logentry", "pk": 105, "fields": {"action_time": "2020-12-23T17:17:57.190Z", "user": 2, "content_type": 24, "object_id": "3", "object_repr": "David O Neill", "action_flag": 3, "change_message": ""}}, {"model": "admin.logentry", "pk": 106, "fields": {"action_time": "2020-12-23T17:17:57.194Z", "user": 2, "content_type": 24, "object_id": "2", "object_repr": "David O Neill", "action_flag": 3, "change_message": ""}}, {"model": "admin.logentry", "pk": 107, "fields": {"action_time": "2020-12-23T18:05:08.799Z", "user": 2, "content_type": 24, "object_id": "4", "object_repr": "Jenny", "action_flag": 3, "change_message": ""}}, {"model": "admin.logentry", "pk": 108, "fields": {"action_time": "2020-12-23T18:25:51.725Z", "user": 2, "content_type": 24, "object_id": "7", "object_repr": "Sarah", "action_flag": 3, "change_message": ""}}, {"model": "admin.logentry", "pk": 109, "fields": {"action_time": "2020-12-23T18:25:51.728Z", "user": 2, "content_type": 24, "object_id": "6", "object_repr": "Sarah", "action_flag": 3, "change_message": ""}}, {"model": "admin.logentry", "pk": 110, "fields": {"action_time": "2020-12-23T18:35:18.240Z", "user": 2, "content_type": 24, "object_id": "47", "object_repr": "Sarah", "action_flag": 3, "change_message": ""}}, {"model": "admin.logentry", "pk": 111, "fields": {"action_time": "2020-12-23T18:35:50.272Z", "user": 2, "content_type": 24, "object_id": "48", "object_repr": "Sarah", "action_flag": 3, "change_message": ""}}, {"model": "admin.logentry", "pk": 112, "fields": {"action_time": "2020-12-23T19:23:25.368Z", "user": 2, "content_type": 13, "object_id": "2", "object_repr": "Alfaparf Semi Di Lino Curls", "action_flag": 2, "change_message": "[{\"changed\": {\"fields\": [\"Sale price\"]}}]"}}, {"model": "admin.logentry", "pk": 113, "fields": {"action_time": "2020-12-23T20:45:17.988Z", "user": 2, "content_type": 13, "object_id": "2", "object_repr": "Alfaparf Semi Di Lino Curls", "action_flag": 2, "change_message": "[{\"changed\": {\"fields\": [\"Featured product\"]}}]"}}, {"model": "admin.logentry", "pk": 114, "fields": {"action_time": "2020-12-23T20:46:37.605Z", "user": 2, "content_type": 13, "object_id": "5", "object_repr": "Jane Iredale PurePressed Base Mineral Foundation Refill", "action_flag": 2, "change_message": "[{\"changed\": {\"fields\": [\"Featured product\"]}}]"}}, {"model": "admin.logentry", "pk": 115, "fields": {"action_time": "2020-12-23T20:46:42.407Z", "user": 2, "content_type": 13, "object_id": "6", "object_repr": "Jane Iredale Liquid Minerals Foundation", "action_flag": 2, "change_message": "[{\"changed\": {\"fields\": [\"Featured product\"]}}]"}}, {"model": "admin.logentry", "pk": 116, "fields": {"action_time": "2020-12-23T20:46:47.033Z", "user": 2, "content_type": 13, "object_id": "4", "object_repr": "Dermalogica Special Cleansing Gel", "action_flag": 2, "change_message": "[{\"changed\": {\"fields\": [\"Featured product\"]}}]"}}, {"model": "admin.logentry", "pk": 117, "fields": {"action_time": "2020-12-23T20:46:51.193Z", "user": 2, "content_type": 13, "object_id": "3", "object_repr": "Dermalogica Skin Smoothing 2.0", "action_flag": 2, "change_message": "[{\"changed\": {\"fields\": [\"Featured product\"]}}]"}}, {"model": "admin.logentry", "pk": 118, "fields": {"action_time": "2020-12-23T20:46:54.409Z", "user": 2, "content_type": 13, "object_id": "3", "object_repr": "Dermalogica Skin Smoothing 2.0", "action_flag": 2, "change_message": "[]"}}, {"model": "admin.logentry", "pk": 119, "fields": {"action_time": "2020-12-23T20:57:13.630Z", "user": 2, "content_type": 13, "object_id": "7", "object_repr": "ALFAPARF Milano Style Stories Volume Mousse", "action_flag": 1, "change_message": "[{\"added\": {}}]"}}, {"model": "admin.logentry", "pk": 120, "fields": {"action_time": "2020-12-23T20:58:43.388Z", "user": 2, "content_type": 13, "object_id": "8", "object_repr": "ALFAPARF Milano Style Stories Vintage Powder", "action_flag": 1, "change_message": "[{\"added\": {}}]"}}, {"model": "admin.logentry", "pk": 121, "fields": {"action_time": "2020-12-23T20:59:50.065Z", "user": 2, "content_type": 13, "object_id": "9", "object_repr": "ALFAPARF Milano Style Stories Texturising Gel", "action_flag": 1, "change_message": "[{\"added\": {}}]"}}, {"model": "admin.logentry", "pk": 122, "fields": {"action_time": "2020-12-23T21:01:04.145Z", "user": 2, "content_type": 13, "object_id": "10", "object_repr": "ALFAPARF Milano Style Stories Thermal Protection", "action_flag": 1, "change_message": "[{\"added\": {}}]"}}, {"model": "admin.logentry", "pk": 123, "fields": {"action_time": "2020-12-23T21:01:23.632Z", "user": 2, "content_type": 13, "object_id": "10", "object_repr": "ALFAPARF Milano Style Stories Thermal Protection", "action_flag": 2, "change_message": "[{\"changed\": {\"fields\": [\"Image\"]}}]"}}, {"model": "admin.logentry", "pk": 124, "fields": {"action_time": "2020-12-23T21:01:37.028Z", "user": 2, "content_type": 13, "object_id": "9", "object_repr": "ALFAPARF Milano Style Stories Texturising Gel", "action_flag": 2, "change_message": "[{\"changed\": {\"fields\": [\"Image\"]}}]"}}, {"model": "admin.logentry", "pk": 125, "fields": {"action_time": "2020-12-23T21:03:09.634Z", "user": 2, "content_type": 13, "object_id": "11", "object_repr": "Olaplex No.0 Intensive Bond Building Treatment", "action_flag": 1, "change_message": "[{\"added\": {}}]"}}, {"model": "admin.logentry", "pk": 126, "fields": {"action_time": "2020-12-23T21:04:08.007Z", "user": 2, "content_type": 13, "object_id": "12", "object_repr": "Olaplex No3 Hair Perfector", "action_flag": 1, "change_message": "[{\"added\": {}}]"}}, {"model": "admin.logentry", "pk": 127, "fields": {"action_time": "2020-12-23T21:05:25.403Z", "user": 2, "content_type": 13, "object_id": "13", "object_repr": "Olaplex No5 Conditioner", "action_flag": 1, "change_message": "[{\"added\": {}}]"}}, {"model": "admin.logentry", "pk": 128, "fields": {"action_time": "2020-12-23T21:06:56.511Z", "user": 2, "content_type": 13, "object_id": "14", "object_repr": "Joico Moisture Recovery Shampoo", "action_flag": 1, "change_message": "[{\"added\": {}}]"}}, {"model": "admin.logentry", "pk": 129, "fields": {"action_time": "2020-12-23T21:07:44.219Z", "user": 2, "content_type": 13, "object_id": "15", "object_repr": "Joico Moisture Recovery Conditioner", "action_flag": 1, "change_message": "[{\"added\": {}}]"}}, {"model": "admin.logentry", "pk": 130, "fields": {"action_time": "2020-12-23T21:08:52.415Z", "user": 2, "content_type": 13, "object_id": "16", "object_repr": "Joico Summer Hair Moisture Recovery", "action_flag": 1, "change_message": "[{\"added\": {}}]"}}, {"model": "admin.logentry", "pk": 131, "fields": {"action_time": "2020-12-23T22:23:50.905Z", "user": 2, "content_type": 21, "object_id": "12", "object_repr": "F8F5EC04510A4036BCA6F41816E8FBA5", "action_flag": 2, "change_message": "[]"}}]