[{"model": "admin.logentry", "pk": 1, "fields": {"action_time": "2020-10-09T08:59:05.079Z", "user": 2, "content_type": 7, "object_id": "1", "object_repr": "beauty4u.example.com", "action_flag": 2, "change_message": "[{\"changed\": {\"fields\": [\"Domain name\", \"Display name\"]}}]"}}, {"model": "admin.logentry", "pk": 2, "fields": {"action_time": "2020-10-09T09:04:03.082Z", "user": 2, "content_type": 8, "object_id": "1", "object_repr": "davidclody@hotmail.com", "action_flag": 2, "change_message": "[{\"changed\": {\"fields\": [\"Verified\", \"Primary\"]}}]"}}, {"model": "admin.logentry", "pk": 3, "fields": {"action_time": "2020-10-11T14:49:03.708Z", "user": 2, "content_type": 13, "object_id": "4", "object_repr": "Dermalogica Special Cleansing Gel", "action_flag": 2, "change_message": "[{\"changed\": {\"fields\": [\"Image\"]}}]"}}, {"model": "admin.logentry", "pk": 4, "fields": {"action_time": "2020-10-11T14:58:24.510Z", "user": 2, "content_type": 13, "object_id": "5", "object_repr": "Jane Iredale PurePressed Base Mineral Foundation Refill", "action_flag": 1, "change_message": "[{\"added\": {}}]"}}, {"model": "admin.logentry", "pk": 5, "fields": {"action_time": "2020-10-11T15:00:52.022Z", "user": 2, "content_type": 13, "object_id": "6", "object_repr": "Jane Iredale Liquid Minerals Foundation", "action_flag": 1, "change_message": "[{\"added\": {}}]"}}, {"model": "admin.logentry", "pk": 6, "fields": {"action_time": "2020-10-13T17:15:15.153Z", "user": 2, "content_type": 15, "object_id": "1", "object_repr": "David", "action_flag": 1, "change_message": "[{\"added\": {}}]"}}, {"model": "admin.logentry", "pk": 7, "fields": {"action_time": "2020-10-13T17:23:22.261Z", "user": 2, "content_type": 15, "object_id": "1", "object_repr": "David", "action_flag": 2, "change_message": "[{\"changed\": {\"fields\": [\"Username\"]}}]"}}, {"model": "admin.logentry", "pk": 8, "fields": {"action_time": "2020-10-13T17:28:33.032Z", "user": 2, "content_type": 15, "object_id": "1", "object_repr": "David", "action_flag": 3, "change_message": ""}}, {"model": "admin.logentry", "pk": 9, "fields": {"action_time": "2020-10-13T17:29:30.894Z", "user": 2, "content_type": 15, "object_id": "2", "object_repr": "David", "action_flag": 1, "change_message": "[{\"added\": {}}]"}}, {"model": "admin.logentry", "pk": 10, "fields": {"action_time": "2020-10-13T19:09:20.798Z", "user": 2, "content_type": 15, "object_id": "6", "object_repr": "David O Neill", "action_flag": 3, "change_message": ""}}, {"model": "admin.logentry", "pk": 11, "fields": {"action_time": "2020-10-13T19:09:20.801Z", "user": 2, "content_type": 15, "object_id": "5", "object_repr": "David O Neill", "action_flag": 3, "change_message": ""}}, {"model": "admin.logentry", "pk": 12, "fields": {"action_time": "2020-10-13T19:09:20.802Z", "user": 2, "content_type": 15, "object_id": "4", "object_repr": "David O Neill", "action_flag": 3, "change_message": ""}}, {"model": "admin.logentry", "pk": 13, "fields": {"action_time": "2020-10-13T19:09:20.803Z", "user": 2, "content_type": 15, "object_id": "3", "object_repr": "David O Neill", "action_flag": 3, "change_message": ""}}, {"model": "admin.logentry", "pk": 14, "fields": {"action_time": "2020-10-13T19:09:20.804Z", "user": 2, "content_type": 15, "object_id": "2", "object_repr": "David", "action_flag": 3, "change_message": ""}}, {"model": "admin.logentry", "pk": 15, "fields": {"action_time": "2020-10-13T19:14:46.390Z", "user": 2, "content_type": 17, "object_id": "1", "object_repr": "Hair", "action_flag": 1, "change_message": "[{\"added\": {}}]"}}, {"model": "admin.logentry", "pk": 16, "fields": {"action_time": "2020-10-13T19:14:51.502Z", "user": 2, "content_type": 17, "object_id": "2", "object_repr": "Make Up", "action_flag": 1, "change_message": "[{\"added\": {}}]"}}, {"model": "admin.logentry", "pk": 17, "fields": {"action_time": "2020-10-13T19:15:11.838Z", "user": 2, "content_type": 17, "object_id": "3", "object_repr": "Nails", "action_flag": 1, "change_message": "[{\"added\": {}}]"}}, {"model": "admin.logentry", "pk": 18, "fields": {"action_time": "2020-10-13T19:21:55.093Z", "user": 2, "content_type": 16, "object_id": "1", "object_repr": "Blow Dry", "action_flag": 1, "change_message": "[{\"added\": {}}]"}}, {"model": "admin.logentry", "pk": 19, "fields": {"action_time": "2020-10-13T20:14:25.038Z", "user": 2, "content_type": 16, "object_id": "2", "object_repr": "Gel Nails", "action_flag": 1, "change_message": "[{\"added\": {}}]"}}, {"model": "admin.logentry", "pk": 20, "fields": {"action_time": "2020-10-13T20:27:14.932Z", "user": 2, "content_type": 16, "object_id": "3", "object_repr": "Wedding Make Up", "action_flag": 1, "change_message": "[{\"added\": {}}]"}}, {"model": "admin.logentry", "pk": 21, "fields": {"action_time": "2020-10-18T07:23:00.170Z", "user": 2, "content_type": 16, "object_id": "4", "object_repr": "Curl", "action_flag": 1, "change_message": "[{\"added\": {}}]"}}, {"model": "admin.logentry", "pk": 22, "fields": {"action_time": "2020-10-18T07:23:23.797Z", "user": 2, "content_type": 16, "object_id": "5", "object_repr": "cut", "action_flag": 1, "change_message": "[{\"added\": {}}]"}}, {"model": "admin.logentry", "pk": 23, "fields": {"action_time": "2020-10-18T07:23:38.695Z", "user": 2, "content_type": 16, "object_id": "5", "object_repr": "Cut", "action_flag": 2, "change_message": "[{\"changed\": {\"fields\": [\"Name\"]}}]"}}, {"model": "admin.logentry", "pk": 24, "fields": {"action_time": "2020-10-25T09:48:24.852Z", "user": 2, "content_type": 18, "object_id": "1", "object_repr": "Alfaparf", "action_flag": 1, "change_message": "[{\"added\": {}}]"}}, {"model": "admin.logentry", "pk": 25, "fields": {"action_time": "2020-10-25T09:48:35.442Z", "user": 2, "content_type": 18, "object_id": "2", "object_repr": "Dermalogica", "action_flag": 1, "change_message": "[{\"added\": {}}]"}}, {"model": "admin.logentry", "pk": 26, "fields": {"action_time": "2020-10-25T09:48:53.470Z", "user": 2, "content_type": 18, "object_id": "3", "object_repr": "Jane Iredale", "action_flag": 1, "change_message": "[{\"added\": {}}]"}}, {"model": "admin.logentry", "pk": 27, "fields": {"action_time": "2020-10-25T09:49:07.106Z", "user": 2, "content_type": 13, "object_id": "2", "object_repr": "Alfaparf Semi Di Lino Curls", "action_flag": 2, "change_message": "[{\"changed\": {\"fields\": [\"Brand\"]}}]"}}, {"model": "admin.logentry", "pk": 28, "fields": {"action_time": "2020-10-25T09:49:11.472Z", "user": 2, "content_type": 13, "object_id": "1", "object_repr": "Alfaparf Semi Di Lino Hydrating Co Wash", "action_flag": 2, "change_message": "[{\"changed\": {\"fields\": [\"Brand\"]}}]"}}, {"model": "admin.logentry", "pk": 29, "fields": {"action_time": "2020-10-25T09:49:19.037Z", "user": 2, "content_type": 13, "object_id": "3", "object_repr": "Dermalogica Skin Smoothing 2.0", "action_flag": 2, "change_message": "[{\"changed\": {\"fields\": [\"Brand\"]}}]"}}, {"model": "admin.logentry", "pk": 30, "fields": {"action_time": "2020-10-25T09:49:24.496Z", "user": 2, "content_type": 13, "object_id": "4", "object_repr": "Dermalogica Special Cleansing Gel", "action_flag": 2, "change_message": "[{\"changed\": {\"fields\": [\"Brand\"]}}]"}}, {"model": "admin.logentry", "pk": 31, "fields": {"action_time": "2020-10-25T09:49:29.297Z", "user": 2, "content_type": 13, "object_id": "6", "object_repr": "Jane Iredale Liquid Minerals Foundation", "action_flag": 2, "change_message": "[{\"changed\": {\"fields\": [\"Brand\"]}}]"}}, {"model": "admin.logentry", "pk": 32, "fields": {"action_time": "2020-10-25T09:49:33.599Z", "user": 2, "content_type": 13, "object_id": "5", "object_repr": "Jane Iredale PurePressed Base Mineral Foundation Refill", "action_flag": 2, "change_message": "[{\"changed\": {\"fields\": [\"Brand\"]}}]"}}, {"model": "admin.logentry", "pk": 33, "fields": {"action_time": "2020-10-25T10:29:56.228Z", "user": 2, "content_type": 18, "object_id": "3", "object_repr": "Jane Iredale", "action_flag": 2, "change_message": "[]"}}, {"model": "admin.logentry", "pk": 34, "fields": {"action_time": "2020-10-25T10:34:12.335Z", "user": 2, "content_type": 13, "object_id": "2", "object_repr": "Alfaparf Semi Di Lino Curls", "action_flag": 2, "change_message": "[]"}}, {"model": "admin.logentry", "pk": 35, "fields": {"action_time": "2020-10-25T10:47:47.664Z", "user": 2, "content_type": 18, "object_id": "1", "object_repr": "Alfaparf", "action_flag": 2, "change_message": "[]"}}, {"model": "admin.logentry", "pk": 36, "fields": {"action_time": "2020-10-25T16:21:25.680Z", "user": 2, "content_type": 18, "object_id": "4", "object_repr": "Joico", "action_flag": 1, "change_message": "[{\"added\": {}}]"}}, {"model": "admin.logentry", "pk": 37, "fields": {"action_time": "2020-10-25T16:21:33.440Z", "user": 2, "content_type": 18, "object_id": "5", "object_repr": "Moroccanoil", "action_flag": 1, "change_message": "[{\"added\": {}}]"}}, {"model": "admin.logentry", "pk": 38, "fields": {"action_time": "2020-10-25T16:21:48.081Z", "user": 2, "content_type": 18, "object_id": "6", "object_repr": "SoSu", "action_flag": 1, "change_message": "[{\"added\": {}}]"}}, {"model": "admin.logentry", "pk": 39, "fields": {"action_time": "2020-10-25T16:21:53.525Z", "user": 2, "content_type": 18, "object_id": "7", "object_repr": "Olaplex", "action_flag": 1, "change_message": "[{\"added\": {}}]"}}, {"model": "admin.logentry", "pk": 40, "fields": {"action_time": "2020-10-25T16:28:23.619Z", "user": 2, "content_type": 18, "object_id": "1", "object_repr": "Alfaparf", "action_flag": 2, "change_message": "[{\"changed\": {\"fields\": [\"Logo\"]}}]"}}, {"model": "admin.logentry", "pk": 41, "fields": {"action_time": "2020-10-25T16:34:22.513Z", "user": 2, "content_type": 18, "object_id": "2", "object_repr": "Dermalogica", "action_flag": 2, "change_message": "[{\"changed\": {\"fields\": [\"Logo\"]}}]"}}, {"model": "admin.logentry", "pk": 42, "fields": {"action_time": "2020-10-25T16:35:07.578Z", "user": 2, "content_type": 18, "object_id": "2", "object_repr": "Dermalogica", "action_flag": 2, "change_message": "[{\"changed\": {\"fields\": [\"Logo\"]}}]"}}, {"model": "admin.logentry", "pk": 43, "fields": {"action_time": "2020-10-25T16:35:46.821Z", "user": 2, "content_type": 18, "object_id": "3", "object_repr": "Jane Iredale", "action_flag": 2, "change_message": "[{\"changed\": {\"fields\": [\"Logo\"]}}]"}}, {"model": "admin.logentry", "pk": 44, "fields": {"action_time": "2020-10-25T16:36:15.025Z", "user": 2, "content_type": 18, "object_id": "4", "object_repr": "Joico", "action_flag": 2, "change_message": "[{\"changed\": {\"fields\": [\"Logo\"]}}]"}}, {"model": "admin.logentry", "pk": 45, "fields": {"action_time": "2020-10-25T16:36:47.803Z", "user": 2, "content_type": 18, "object_id": "5", "object_repr": "Moroccanoil", "action_flag": 2, "change_message": "[{\"changed\": {\"fields\": [\"Logo\"]}}]"}}, {"model": "admin.logentry", "pk": 46, "fields": {"action_time": "2020-10-25T16:37:16.294Z", "user": 2, "content_type": 18, "object_id": "6", "object_repr": "SoSu", "action_flag": 2, "change_message": "[{\"changed\": {\"fields\": [\"Logo\"]}}]"}}, {"model": "admin.logentry", "pk": 47, "fields": {"action_time": "2020-10-25T16:38:13.953Z", "user": 2, "content_type": 18, "object_id": "7", "object_repr": "Olaplex", "action_flag": 2, "change_message": "[{\"changed\": {\"fields\": [\"Logo\"]}}]"}}, {"model": "admin.logentry", "pk": 48, "fields": {"action_time": "2020-11-22T12:06:26.276Z", "user": 2, "content_type": 13, "object_id": "3", "object_repr": "Dermalogica Skin Smoothing 2.0", "action_flag": 2, "change_message": "[{\"changed\": {\"fields\": [\"Sale price\"]}}]"}}, {"model": "admin.logentry", "pk": 49, "fields": {"action_time": "2020-11-22T12:09:27.141Z", "user": 2, "content_type": 13, "object_id": "6", "object_repr": "Jane Iredale Liquid Minerals Foundation", "action_flag": 2, "change_message": "[{\"changed\": {\"fields\": [\"Sale price\"]}}]"}}, {"model": "admin.logentry", "pk": 50, "fields": {"action_time": "2020-12-04T19:06:49.938Z", "user": 2, "content_type": 19, "object_id": "1", "object_repr": "Monday", "action_flag": 1, "change_message": "[{\"added\": {}}]"}}, {"model": "admin.logentry", "pk": 51, "fields": {"action_time": "2020-12-04T19:06:54.640Z", "user": 2, "content_type": 19, "object_id": "1", "object_repr": "Monday", "action_flag": 2, "change_message": "[]"}}, {"model": "admin.logentry", "pk": 52, "fields": {"action_time": "2020-12-04T21:00:34.920Z", "user": 2, "content_type": 19, "object_id": "5", "object_repr": "WEDNESDAY", "action_flag": 3, "change_message": ""}}, {"model": "admin.logentry", "pk": 53, "fields": {"action_time": "2020-12-04T21:00:34.922Z", "user": 2, "content_type": 19, "object_id": "4", "object_repr": "WEDNESDAY", "action_flag": 3, "change_message": ""}}, {"model": "admin.logentry", "pk": 54, "fields": {"action_time": "2020-12-04T21:00:34.939Z", "user": 2, "content_type": 19, "object_id": "3", "object_repr": "THURSDAY", "action_flag": 3, "change_message": ""}}, {"model": "admin.logentry", "pk": 55, "fields": {"action_time": "2020-12-04T21:00:34.959Z", "user": 2, "content_type": 19, "object_id": "2", "object_repr": "Tuesday", "action_flag": 3, "change_message": ""}}, {"model": "admin.logentry", "pk": 56, "fields": {"action_time": "2020-12-04T21:00:34.961Z", "user": 2, "content_type": 19, "object_id": "1", "object_repr": "Monday", "action_flag": 3, "change_message": ""}}, {"model": "admin.logentry", "pk": 57, "fields": {"action_time": "2020-12-04T21:21:15.701Z", "user": 2, "content_type": 19, "object_id": "10", "object_repr": "MONDAY", "action_flag": 3, "change_message": ""}}, {"model": "admin.logentry", "pk": 58, "fields": {"action_time": "2020-12-04T21:21:15.705Z", "user": 2, "content_type": 19, "object_id": "9", "object_repr": "TUESDAY", "action_flag": 3, "change_message": ""}}, {"model": "admin.logentry", "pk": 59, "fields": {"action_time": "2020-12-04T21:21:15.706Z", "user": 2, "content_type": 19, "object_id": "8", "object_repr": "WEDNESDAY", "action_flag": 3, "change_message": ""}}, {"model": "admin.logentry", "pk": 60, "fields": {"action_time": "2020-12-04T21:21:15.707Z", "user": 2, "content_type": 19, "object_id": "7", "object_repr": "TUESDAY", "action_flag": 3, "change_message": ""}}, {"model": "admin.logentry", "pk": 61, "fields": {"action_time": "2020-12-04T21:21:15.709Z", "user": 2, "content_type": 19, "object_id": "6", "object_repr": "MONDAY", "action_flag": 3, "change_message": ""}}, {"model": "admin.logentry", "pk": 62, "fields": {"action_time": "2020-12-04T22:41:31.523Z", "user": 2, "content_type": 19, "object_id": "12", "object_repr": "MONDAY", "action_flag": 3, "change_message": ""}}, {"model": "admin.logentry", "pk": 63, "fields": {"action_time": "2020-12-04T22:41:31.527Z", "user": 2, "content_type": 19, "object_id": "11", "object_repr": "MONDAY", "action_flag": 3, "change_message": ""}}, {"model": "admin.logentry", "pk": 64, "fields": {"action_time": "2020-12-04T22:44:59.133Z", "user": 2, "content_type": 19, "object_id": "13", "object_repr": "MONDAY", "action_flag": 1, "change_message": "[{\"added\": {}}]"}}, {"model": "admin.logentry", "pk": 65, "fields": {"action_time": "2020-12-04T22:48:09.192Z", "user": 2, "content_type": 19, "object_id": "14", "object_repr": "MONDAY", "action_flag": 3, "change_message": ""}}, {"model": "admin.logentry", "pk": 66, "fields": {"action_time": "2020-12-04T22:48:09.195Z", "user": 2, "content_type": 19, "object_id": "13", "object_repr": "MONDAY", "action_flag": 3, "change_message": ""}}, {"model": "admin.logentry", "pk": 67, "fields": {"action_time": "2020-12-04T23:00:15.984Z", "user": 2, "content_type": 19, "object_id": "19", "object_repr": "MONDAY", "action_flag": 3, "change_message": ""}}, {"model": "admin.logentry", "pk": 68, "fields": {"action_time": "2020-12-04T23:00:15.987Z", "user": 2, "content_type": 19, "object_id": "18", "object_repr": "MONDAY", "action_flag": 3, "change_message": ""}}, {"model": "admin.logentry", "pk": 69, "fields": {"action_time": "2020-12-04T23:00:15.989Z", "user": 2, "content_type": 19, "object_id": "17", "object_repr": "MONDAY", "action_flag": 3, "change_message": ""}}, {"model": "admin.logentry", "pk": 70, "fields": {"action_time": "2020-12-04T23:00:15.990Z", "user": 2, "content_type": 19, "object_id": "16", "object_repr": "MONDAY", "action_flag": 3, "change_message": ""}}, {"model": "admin.logentry", "pk": 71, "fields": {"action_time": "2020-12-04T23:00:15.992Z", "user": 2, "content_type": 19, "object_id": "15", "object_repr": "MONDAY", "action_flag": 3, "change_message": ""}}, {"model": "admin.logentry", "pk": 72, "fields": {"action_time": "2020-12-04T23:14:32.345Z", "user": 2, "content_type": 19, "object_id": "20", "object_repr": "MONDAY", "action_flag": 1, "change_message": "[{\"added\": {}}]"}}, {"model": "admin.logentry", "pk": 73, "fields": {"action_time": "2020-12-04T23:20:31.250Z", "user": 2, "content_type": 19, "object_id": "20", "object_repr": "TUESDAY", "action_flag": 3, "change_message": ""}}, {"model": "admin.logentry", "pk": 74, "fields": {"action_time": "2020-12-04T23:59:58.332Z", "user": 2, "content_type": 20, "object_id": "1", "object_repr": "About Us", "action_flag": 1, "change_message": "[{\"added\": {}}]"}}, {"model": "admin.logentry", "pk": 75, "fields": {"action_time": "2020-12-05T00:43:25.669Z", "user": 2, "content_type": 13, "object_id": "7", "object_repr": "New Product Test", "action_flag": 3, "change_message": ""}}, {"model": "admin.logentry", "pk": 76, "fields": {"action_time": "2020-12-11T10:46:23.525Z", "user": 2, "content_type": 21, "object_id": "3", "object_repr": "97BD6DD198BB49C18CBB1FE4AF3B382B", "action_flag": 3, "change_message": ""}}, {"model": "admin.logentry", "pk": 77, "fields": {"action_time": "2020-12-11T10:46:23.529Z", "user": 2, "content_type": 21, "object_id": "2", "object_repr": "344FC5058B78423BBDF691CFCA129BC2", "action_flag": 3, "change_message": ""}}, {"model": "admin.logentry", "pk": 78, "fields": {"action_time": "2020-12-11T10:46:23.531Z", "user": 2, "content_type": 21, "object_id": "1", "object_repr": "0C01BE7D0E8243668F5A48CDBECF50A2", "action_flag": 3, "change_message": ""}}, {"model": "admin.logentry", "pk": 79, "fields": {"action_time": "2020-12-11T10:48:46.390Z", "user": 2, "content_type": 21, "object_id": "3", "object_repr": "97BD6DD198BB49C18CBB1FE4AF3B382B", "action_flag": 3, "change_message": ""}}, {"model": "admin.logentry", "pk": 80, "fields": {"action_time": "2020-12-11T10:48:46.394Z", "user": 2, "content_type": 21, "object_id": "2", "object_repr": "344FC5058B78423BBDF691CFCA129BC2", "action_flag": 3, "change_message": ""}}, {"model": "admin.logentry", "pk": 81, "fields": {"action_time": "2020-12-11T10:48:46.395Z", "user": 2, "content_type": 21, "object_id": "1", "object_repr": "0C01BE7D0E8243668F5A48CDBECF50A2", "action_flag": 3, "change_message": ""}}, {"model": "admin.logentry", "pk": 82, "fields": {"action_time": "2020-12-11T10:48:59.714Z", "user": 2, "content_type": 21, "object_id": "4", "object_repr": "CCE40F5FF24544E1BFBA74EB56582E06", "action_flag": 3, "change_message": ""}}, {"model": "admin.logentry", "pk": 83, "fields": {"action_time": "2020-12-19T21:11:34.519Z", "user": 2, "content_type": 15, "object_id": "7", "object_repr": "David O Neill", "action_flag": 3, "change_message": ""}}, {"model": "admin.logentry", "pk": 84, "fields": {"action_time": "2020-12-19T21:11:50.228Z", "user": 2, "content_type": 15, "object_id": "8", "object_repr": "David O Neill", "action_flag": 1, "change_message": "[{\"added\": {}}]"}}, {"model": "admin.logentry", "pk": 85, "fields": {"action_time": "2020-12-19T21:12:12.684Z", "user": 2, "content_type": 15, "object_id": "9", "object_repr": "Barbara O Neill", "action_flag": 1, "change_message": "[{\"added\": {}}]"}}, {"model": "admin.logentry", "pk": 86, "fields": {"action_time": "2020-12-19T21:15:51.752Z", "user": 2, "content_type": 15, "object_id": "10", "object_repr": "Karl O Neill", "action_flag": 1, "change_message": "[{\"added\": {}}]"}}, {"model": "admin.logentry", "pk": 87, "fields": {"action_time": "2020-12-19T21:18:35.898Z", "user": 2, "content_type": 15, "object_id": "8", "object_repr": "David O Neill", "action_flag": 2, "change_message": "[{\"changed\": {\"fields\": [\"Time\"]}}]"}}, {"model": "admin.logentry", "pk": 88, "fields": {"action_time": "2020-12-19T21:19:30.260Z", "user": 2, "content_type": 15, "object_id": "11", "object_repr": "Yana Bersunukayeva", "action_flag": 1, "change_message": "[{\"added\": {}}]"}}, {"model": "admin.logentry", "pk": 89, "fields": {"action_time": "2020-12-21T13:36:19.179Z", "user": 2, "content_type": 23, "object_id": "1", "object_repr": "Free Shipping Threshold", "action_flag": 1, "change_message": "[{\"added\": {}}]"}}, {"model": "admin.logentry", "pk": 90, "fields": {"action_time": "2020-12-21T13:36:47.608Z", "user": 2, "content_type": 23, "object_id": "1", "object_repr": "Free Shipping Threshold", "action_flag": 2, "change_message": "[]"}}, {"model": "admin.logentry", "pk": 91, "fields": {"action_time": "2020-12-21T14:59:38.642Z", "user": 2, "content_type": 23, "object_id": "1", "object_repr": "Free Shipping Threshold", "action_flag": 2, "change_message": "[]"}}, {"model": "admin.logentry", "pk": 92, "fields": {"action_time": "2020-12-21T15:14:42.808Z", "user": 2, "content_type": 23, "object_id": "1", "object_repr": "Free Shipping Threshold", "action_flag": 2, "change_message": "[{\"changed\": {\"fields\": [\"Status\"]}}]"}}, {"model": "admin.logentry", "pk": 93, "fields": {"action_time": "2020-12-21T15:15:15.662Z", "user": 2, "content_type": 23, "object_id": "1", "object_repr": "Free Shipping Threshold", "action_flag": 2, "change_message": "[{\"changed\": {\"fields\": [\"Status\"]}}]"}}, {"model": "admin.logentry", "pk": 94, "fields": {"action_time": "2020-12-21T18:08:06.932Z", "user": 2, "content_type": 23, "object_id": "1", "object_repr": "Free Shipping Threshold", "action_flag": 2, "change_message": "[{\"changed\": {\"fields\": [\"Description\"]}}]"}}, {"model": "admin.logentry", "pk": 95, "fields": {"action_time": "2020-12-21T18:09:31.861Z", "user": 2, "content_type": 23, "object_id": "1", "object_repr": "Free Shipping Threshold", "action_flag": 2, "change_message": "[]"}}, {"model": "admin.logentry", "pk": 96, "fields": {"action_time": "2020-12-23T08:45:08.639Z", "user": 2, "content_type": 23, "object_id": "2", "object_repr": "Standard Shipping", "action_flag": 1, "change_message": "[{\"added\": {}}]"}}, {"model": "admin.logentry", "pk": 97, "fields": {"action_time": "2020-12-23T08:45:38.509Z", "user": 2, "content_type": 23, "object_id": "2", "object_repr": "Standard Shipping", "action_flag": 2, "change_message": "[]"}}, {"model": "admin.logentry", "pk": 98, "fields": {"action_time": "2020-12-23T08:48:27.091Z", "user": 2, "content_type": 23, "object_id": "2", "object_repr": "Standard Shipping", "action_flag": 2, "change_message": "[{\"changed\": {\"fields\": [\"Description\"]}}]"}}, {"model": "admin.logentry", "pk": 99, "fields": {"action_time": "2020-12-23T10:43:23.369Z", "user": 2, "content_type": 23, "object_id": "1", "object_repr": "Free Shipping Threshold", "action_flag": 2, "change_message": "[{\"changed\": {\"fields\": [\"Description\"]}}]"}}, {"model": "admin.logentry", "pk": 100, "fields": {"action_time": "2020-12-23T10:46:08.197Z", "user": 2, "content_type": 23, "object_id": "3", "object_repr": "Click & Collect", "action_flag": 1, "change_message": "[{\"added\": {}}]"}}, {"model": "admin.logentry", "pk": 101, "fields": {"action_time": "2020-12-23T10:46:39.057Z", "user": 2, "content_type": 23, "object_id": "3", "object_repr": "Click & Collect", "action_flag": 2, "change_message": "[{\"changed\": {\"fields\": [\"Status\"]}}]"}}, {"model": "admin.logentry", "pk": 102, "fields": {"action_time": "2020-12-23T10:46:50.611Z", "user": 2, "content_type": 23, "object_id": "3", "object_repr": "Click & Collect", "action_flag": 2, "change_message": "[{\"changed\": {\"fields\": [\"Status\"]}}]"}}, {"model": "admin.logentry", "pk": 103, "fields": {"action_time": "2020-12-23T10:49:01.988Z", "user": 2, "content_type": 23, "object_id": "3", "object_repr": "Click & Collect", "action_flag": 2, "change_message": "[{\"changed\": {\"fields\": [\"Description\"]}}]"}}, {"model": "admin.logentry", "pk": 104, "fields": {"action_time": "2020-12-23T11:32:55.478Z", "user": 2, "content_type": 24, "object_id": "1", "object_repr": "Sarah", "action_flag": 1, "change_message": "[{\"added\": {}}]"}}, {"model": "admin.logentry", "pk": 105, "fields": {"action_time": "2020-12-23T17:17:57.190Z", "user": 2, "content_type": 24, "object_id": "3", "object_repr": "David O Neill", "action_flag": 3, "change_message": ""}}, {"model": "admin.logentry", "pk": 106, "fields": {"action_time": "2020-12-23T17:17:57.194Z", "user": 2, "content_type": 24, "object_id": "2", "object_repr": "David O Neill", "action_flag": 3, "change_message": ""}}, {"model": "admin.logentry", "pk": 107, "fields": {"action_time": "2020-12-23T18:05:08.799Z", "user": 2, "content_type": 24, "object_id": "4", "object_repr": "Jenny", "action_flag": 3, "change_message": ""}}, {"model": "admin.logentry", "pk": 108, "fields": {"action_time": "2020-12-23T18:25:51.725Z", "user": 2, "content_type": 24, "object_id": "7", "object_repr": "Sarah", "action_flag": 3, "change_message": ""}}, {"model": "admin.logentry", "pk": 109, "fields": {"action_time": "2020-12-23T18:25:51.728Z", "user": 2, "content_type": 24, "object_id": "6", "object_repr": "Sarah", "action_flag": 3, "change_message": ""}}, {"model": "admin.logentry", "pk": 110, "fields": {"action_time": "2020-12-23T18:35:18.240Z", "user": 2, "content_type": 24, "object_id": "47", "object_repr": "Sarah", "action_flag": 3, "change_message": ""}}, {"model": "admin.logentry", "pk": 111, "fields": {"action_time": "2020-12-23T18:35:50.272Z", "user": 2, "content_type": 24, "object_id": "48", "object_repr": "Sarah", "action_flag": 3, "change_message": ""}}, {"model": "admin.logentry", "pk": 112, "fields": {"action_time": "2020-12-23T19:23:25.368Z", "user": 2, "content_type": 13, "object_id": "2", "object_repr": "Alfaparf Semi Di Lino Curls", "action_flag": 2, "change_message": "[{\"changed\": {\"fields\": [\"Sale price\"]}}]"}}, {"model": "admin.logentry", "pk": 113, "fields": {"action_time": "2020-12-23T20:45:17.988Z", "user": 2, "content_type": 13, "object_id": "2", "object_repr": "Alfaparf Semi Di Lino Curls", "action_flag": 2, "change_message": "[{\"changed\": {\"fields\": [\"Featured product\"]}}]"}}, {"model": "admin.logentry", "pk": 114, "fields": {"action_time": "2020-12-23T20:46:37.605Z", "user": 2, "content_type": 13, "object_id": "5", "object_repr": "Jane Iredale PurePressed Base Mineral Foundation Refill", "action_flag": 2, "change_message": "[{\"changed\": {\"fields\": [\"Featured product\"]}}]"}}, {"model": "admin.logentry", "pk": 115, "fields": {"action_time": "2020-12-23T20:46:42.407Z", "user": 2, "content_type": 13, "object_id": "6", "object_repr": "Jane Iredale Liquid Minerals Foundation", "action_flag": 2, "change_message": "[{\"changed\": {\"fields\": [\"Featured product\"]}}]"}}, {"model": "admin.logentry", "pk": 116, "fields": {"action_time": "2020-12-23T20:46:47.033Z", "user": 2, "content_type": 13, "object_id": "4", "object_repr": "Dermalogica Special Cleansing Gel", "action_flag": 2, "change_message": "[{\"changed\": {\"fields\": [\"Featured product\"]}}]"}}, {"model": "admin.logentry", "pk": 117, "fields": {"action_time": "2020-12-23T20:46:51.193Z", "user": 2, "content_type": 13, "object_id": "3", "object_repr": "Dermalogica Skin Smoothing 2.0", "action_flag": 2, "change_message": "[{\"changed\": {\"fields\": [\"Featured product\"]}}]"}}, {"model": "admin.logentry", "pk": 118, "fields": {"action_time": "2020-12-23T20:46:54.409Z", "user": 2, "content_type": 13, "object_id": "3", "object_repr": "Dermalogica Skin Smoothing 2.0", "action_flag": 2, "change_message": "[]"}}, {"model": "admin.logentry", "pk": 119, "fields": {"action_time": "2020-12-23T20:57:13.630Z", "user": 2, "content_type": 13, "object_id": "7", "object_repr": "ALFAPARF Milano Style Stories Volume Mousse", "action_flag": 1, "change_message": "[{\"added\": {}}]"}}, {"model": "admin.logentry", "pk": 120, "fields": {"action_time": "2020-12-23T20:58:43.388Z", "user": 2, "content_type": 13, "object_id": "8", "object_repr": "ALFAPARF Milano Style Stories Vintage Powder", "action_flag": 1, "change_message": "[{\"added\": {}}]"}}, {"model": "admin.logentry", "pk": 121, "fields": {"action_time": "2020-12-23T20:59:50.065Z", "user": 2, "content_type": 13, "object_id": "9", "object_repr": "ALFAPARF Milano Style Stories Texturising Gel", "action_flag": 1, "change_message": "[{\"added\": {}}]"}}, {"model": "admin.logentry", "pk": 122, "fields": {"action_time": "2020-12-23T21:01:04.145Z", "user": 2, "content_type": 13, "object_id": "10", "object_repr": "ALFAPARF Milano Style Stories Thermal Protection", "action_flag": 1, "change_message": "[{\"added\": {}}]"}}, {"model": "admin.logentry", "pk": 123, "fields": {"action_time": "2020-12-23T21:01:23.632Z", "user": 2, "content_type": 13, "object_id": "10", "object_repr": "ALFAPARF Milano Style Stories Thermal Protection", "action_flag": 2, "change_message": "[{\"changed\": {\"fields\": [\"Image\"]}}]"}}, {"model": "admin.logentry", "pk": 124, "fields": {"action_time": "2020-12-23T21:01:37.028Z", "user": 2, "content_type": 13, "object_id": "9", "object_repr": "ALFAPARF Milano Style Stories Texturising Gel", "action_flag": 2, "change_message": "[{\"changed\": {\"fields\": [\"Image\"]}}]"}}, {"model": "admin.logentry", "pk": 125, "fields": {"action_time": "2020-12-23T21:03:09.634Z", "user": 2, "content_type": 13, "object_id": "11", "object_repr": "Olaplex No.0 Intensive Bond Building Treatment", "action_flag": 1, "change_message": "[{\"added\": {}}]"}}, {"model": "admin.logentry", "pk": 126, "fields": {"action_time": "2020-12-23T21:04:08.007Z", "user": 2, "content_type": 13, "object_id": "12", "object_repr": "Olaplex No3 Hair Perfector", "action_flag": 1, "change_message": "[{\"added\": {}}]"}}, {"model": "admin.logentry", "pk": 127, "fields": {"action_time": "2020-12-23T21:05:25.403Z", "user": 2, "content_type": 13, "object_id": "13", "object_repr": "Olaplex No5 Conditioner", "action_flag": 1, "change_message": "[{\"added\": {}}]"}}, {"model": "admin.logentry", "pk": 128, "fields": {"action_time": "2020-12-23T21:06:56.511Z", "user": 2, "content_type": 13, "object_id": "14", "object_repr": "Joico Moisture Recovery Shampoo", "action_flag": 1, "change_message": "[{\"added\": {}}]"}}, {"model": "admin.logentry", "pk": 129, "fields": {"action_time": "2020-12-23T21:07:44.219Z", "user": 2, "content_type": 13, "object_id": "15", "object_repr": "Joico Moisture Recovery Conditioner", "action_flag": 1, "change_message": "[{\"added\": {}}]"}}, {"model": "admin.logentry", "pk": 130, "fields": {"action_time": "2020-12-23T21:08:52.415Z", "user": 2, "content_type": 13, "object_id": "16", "object_repr": "Joico Summer Hair Moisture Recovery", "action_flag": 1, "change_message": "[{\"added\": {}}]"}}, {"model": "admin.logentry", "pk": 131, "fields": {"action_time": "2020-12-23T22:23:50.905Z", "user": 2, "content_type": 21, "object_id": "12", "object_repr": "F8F5EC04510A4036BCA6F41816E8FBA5", "action_flag": 2, "change_message": "[]"}}, {"model": "admin.logentry", "pk": 132, "fields": {"action_time": "2020-12-27T16:08:06.353Z", "user": 2, "content_type": 25, "object_id": "1", "object_repr": "20 % Off", "action_flag": 1, "change_message": "[{\"added\": {}}]"}}, {"model": "admin.logentry", "pk": 133, "fields": {"action_time": "2020-12-27T17:12:57.033Z", "user": 2, "content_type": 25, "object_id": "2", "object_repr": "New Discount", "action_flag": 3, "change_message": ""}}, {"model": "admin.logentry", "pk": 134, "fields": {"action_time": "2020-12-27T17:12:57.036Z", "user": 2, "content_type": 25, "object_id": "1", "object_repr": "20 % Off", "action_flag": 3, "change_message": ""}}, {"model": "admin.logentry", "pk": 135, "fields": {"action_time": "2020-12-27T18:22:22.861Z", "user": 2, "content_type": 25, "object_id": "5", "object_repr": "YES", "action_flag": 3, "change_message": ""}}, {"model": "admin.logentry", "pk": 136, "fields": {"action_time": "2020-12-27T18:22:22.864Z", "user": 2, "content_type": 25, "object_id": "4", "object_repr": "s", "action_flag": 3, "change_message": ""}}, {"model": "admin.logentry", "pk": 137, "fields": {"action_time": "2020-12-27T18:22:22.866Z", "user": 2, "content_type": 25, "object_id": "3", "object_repr": "20 % Off", "action_flag": 3, "change_message": ""}}, {"model": "admin.logentry", "pk": 138, "fields": {"action_time": "2020-12-27T22:53:32.161Z", "user": 2, "content_type": 25, "object_id": "7", "object_repr": "fddf", "action_flag": 3, "change_message": ""}}, {"model": "admin.logentry", "pk": 139, "fields": {"action_time": "2020-12-27T22:53:32.164Z", "user": 2, "content_type": 25, "object_id": "6", "object_repr": "20 % Off", "action_flag": 3, "change_message": ""}}, {"model": "admin.logentry", "pk": 140, "fields": {"action_time": "2020-12-27T22:55:38.610Z", "user": 2, "content_type": 25, "object_id": "8", "object_repr": "a", "action_flag": 3, "change_message": ""}}, {"model": "admin.logentry", "pk": 141, "fields": {"action_time": "2020-12-27T22:56:53.116Z", "user": 2, "content_type": 25, "object_id": "9", "object_repr": "20 % Off", "action_flag": 3, "change_message": ""}}, {"model": "admin.logentry", "pk": 142, "fields": {"action_time": "2020-12-27T23:01:55.579Z", "user": 2, "content_type": 25, "object_id": "10", "object_repr": "20 % Off", "action_flag": 3, "change_message": ""}}, {"model": "admin.logentry", "pk": 143, "fields": {"action_time": "2020-12-27T23:03:23.425Z", "user": 2, "content_type": 25, "object_id": "11", "object_repr": "20 % Off", "action_flag": 3, "change_message": ""}}, {"model": "admin.logentry", "pk": 144, "fields": {"action_time": "2020-12-28T13:33:23.228Z", "user": 2, "content_type": 25, "object_id": "16", "object_repr": "Coupons object (16)", "action_flag": 3, "change_message": ""}}, {"model": "admin.logentry", "pk": 145, "fields": {"action_time": "2020-12-28T13:33:28.417Z", "user": 2, "content_type": 25, "object_id": "15", "object_repr": "Coupons object (15)", "action_flag": 3, "change_message": ""}}, {"model": "admin.logentry", "pk": 146, "fields": {"action_time": "2020-12-28T13:33:28.420Z", "user": 2, "content_type": 25, "object_id": "14", "object_repr": "Coupons object (14)", "action_flag": 3, "change_message": ""}}, {"model": "admin.logentry", "pk": 147, "fields": {"action_time": "2020-12-28T13:33:28.423Z", "user": 2, "content_type": 25, "object_id": "13", "object_repr": "Coupons object (13)", "action_flag": 3, "change_message": ""}}, {"model": "admin.logentry", "pk": 148, "fields": {"action_time": "2020-12-28T13:33:28.425Z", "user": 2, "content_type": 25, "object_id": "12", "object_repr": "Coupons object (12)", "action_flag": 3, "change_message": ""}}, {"model": "admin.logentry", "pk": 149, "fields": {"action_time": "2020-12-28T13:37:02.311Z", "user": 2, "content_type": 25, "object_id": "17", "object_repr": "20%", "action_flag": 2, "change_message": "[{\"changed\": {\"fields\": [\"Active\"]}}]"}}, {"model": "admin.logentry", "pk": 150, "fields": {"action_time": "2020-12-28T14:24:26.492Z", "user": 2, "content_type": 25, "object_id": "18", "object_repr": "GET50", "action_flag": 3, "change_message": ""}}, {"model": "admin.logentry", "pk": 151, "fields": {"action_time": "2020-12-28T14:24:26.495Z", "user": 2, "content_type": 25, "object_id": "17", "object_repr": "20%", "action_flag": 3, "change_message": ""}}, {"model": "admin.logentry", "pk": 152, "fields": {"action_time": "2020-12-30T11:22:04.678Z", "user": 2, "content_type": 26, "object_id": "1", "object_repr": "Unique Website Visits", "action_flag": 1, "change_message": "[{\"added\": {}}]"}}, {"model": "admin.logentry", "pk": 153, "fields": {"action_time": "2020-12-30T11:27:44.340Z", "user": 2, "content_type": 26, "object_id": "1", "object_repr": "Unique Website Visits", "action_flag": 3, "change_message": ""}}, {"model": "admin.logentry", "pk": 154, "fields": {"action_time": "2020-12-30T11:44:35.695Z", "user": 2, "content_type": 26, "object_id": "1", "object_repr": "SiteStats object (1)", "action_flag": 3, "change_message": ""}}, {"model": "admin.logentry", "pk": 155, "fields": {"action_time": "2020-12-30T11:48:19.566Z", "user": 2, "content_type": 26, "object_id": "1", "object_repr": "2020-12-30", "action_flag": 3, "change_message": ""}}, {"model": "admin.logentry", "pk": 156, "fields": {"action_time": "2020-12-30T11:56:02.137Z", "user": 2, "content_type": 26, "object_id": "2", "object_repr": "2020-12-30", "action_flag": 3, "change_message": ""}}, {"model": "admin.logentry", "pk": 157, "fields": {"action_time": "2020-12-30T12:16:59.376Z", "user": 2, "content_type": 26, "object_id": "5", "object_repr": "2020-12-29", "action_flag": 1, "change_message": "[{\"added\": {}}]"}}, {"model": "admin.logentry", "pk": 158, "fields": {"action_time": "2020-12-30T12:18:05.803Z", "user": 2, "content_type": 26, "object_id": "5", "object_repr": "2020-12-29", "action_flag": 2, "change_message": "[]"}}, {"model": "admin.logentry", "pk": 159, "fields": {"action_time": "2020-12-30T12:30:46.089Z", "user": 2, "content_type": 26, "object_id": "5", "object_repr": "2020-12-29", "action_flag": 3, "change_message": ""}}, {"model": "admin.logentry", "pk": 160, "fields": {"action_time": "2020-12-30T12:30:46.092Z", "user": 2, "content_type": 26, "object_id": "4", "object_repr": "2020-12-30", "action_flag": 3, "change_message": ""}}, {"model": "admin.logentry", "pk": 161, "fields": {"action_time": "2020-12-30T12:30:46.094Z", "user": 2, "content_type": 26, "object_id": "3", "object_repr": "2020-12-30", "action_flag": 3, "change_message": ""}}, {"model": "admin.logentry", "pk": 162, "fields": {"action_time": "2020-12-30T12:31:41.123Z", "user": 2, "content_type": 26, "object_id": "1", "object_repr": "Wednesday", "action_flag": 1, "change_message": "[{\"added\": {}}]"}}, {"model": "admin.logentry", "pk": 163, "fields": {"action_time": "2020-12-30T12:31:45.094Z", "user": 2, "content_type": 26, "object_id": "1", "object_repr": "Wednesday", "action_flag": 2, "change_message": "[]"}}, {"model": "admin.logentry", "pk": 164, "fields": {"action_time": "2020-12-30T12:43:03.935Z", "user": 2, "content_type": 26, "object_id": "2", "object_repr": "Tuesday", "action_flag": 1, "change_message": "[{\"added\": {}}]"}}, {"model": "admin.logentry", "pk": 165, "fields": {"action_time": "2020-12-30T12:49:20.292Z", "user": 2, "content_type": 26, "object_id": "3", "object_repr": "Tuesday", "action_flag": 1, "change_message": "[{\"added\": {}}]"}}, {"model": "admin.logentry", "pk": 166, "fields": {"action_time": "2020-12-30T12:49:54.942Z", "user": 2, "content_type": 26, "object_id": "4", "object_repr": "Sunday", "action_flag": 1, "change_message": "[{\"added\": {}}]"}}, {"model": "admin.logentry", "pk": 167, "fields": {"action_time": "2020-12-30T12:51:11.055Z", "user": 2, "content_type": 26, "object_id": "6", "object_repr": "Tuesday", "action_flag": 1, "change_message": "[{\"added\": {}}]"}}, {"model": "admin.logentry", "pk": 168, "fields": {"action_time": "2020-12-30T13:05:47.246Z", "user": 2, "content_type": 26, "object_id": "7", "object_repr": "Saturday", "action_flag": 1, "change_message": "[{\"added\": {}}]"}}, {"model": "admin.logentry", "pk": 169, "fields": {"action_time": "2020-12-30T13:05:54.414Z", "user": 2, "content_type": 26, "object_id": "8", "object_repr": "Saturday", "action_flag": 1, "change_message": "[{\"added\": {}}]"}}, {"model": "admin.logentry", "pk": 170, "fields": {"action_time": "2020-12-30T13:06:02.090Z", "user": 2, "content_type": 26, "object_id": "9", "object_repr": "Saturday", "action_flag": 1, "change_message": "[{\"added\": {}}]"}}, {"model": "admin.logentry", "pk": 171, "fields": {"action_time": "2020-12-30T13:06:19.988Z", "user": 2, "content_type": 26, "object_id": "10", "object_repr": "Saturday", "action_flag": 1, "change_message": "[{\"added\": {}}]"}}, {"model": "admin.logentry", "pk": 172, "fields": {"action_time": "2020-12-30T13:06:51.599Z", "user": 2, "content_type": 26, "object_id": "11", "object_repr": "Saturday", "action_flag": 1, "change_message": "[{\"added\": {}}]"}}, {"model": "admin.logentry", "pk": 173, "fields": {"action_time": "2020-12-30T13:24:16.012Z", "user": 2, "content_type": 26, "object_id": "13", "object_repr": "Wednesday", "action_flag": 1, "change_message": "[{\"added\": {}}]"}}, {"model": "admin.logentry", "pk": 174, "fields": {"action_time": "2020-12-30T13:24:23.862Z", "user": 2, "content_type": 26, "object_id": "14", "object_repr": "Wednesday", "action_flag": 1, "change_message": "[{\"added\": {}}]"}}, {"model": "admin.logentry", "pk": 175, "fields": {"action_time": "2020-12-30T13:24:28.383Z", "user": 2, "content_type": 26, "object_id": "15", "object_repr": "Wednesday", "action_flag": 1, "change_message": "[{\"added\": {}}]"}}, {"model": "admin.logentry", "pk": 176, "fields": {"action_time": "2020-12-30T13:24:32.027Z", "user": 2, "content_type": 26, "object_id": "16", "object_repr": "Wednesday", "action_flag": 1, "change_message": "[{\"added\": {}}]"}}, {"model": "admin.logentry", "pk": 177, "fields": {"action_time": "2020-12-30T13:54:20.401Z", "user": 2, "content_type": 4, "object_id": "3", "object_repr": "yanab", "action_flag": 1, "change_message": "[{\"added\": {}}]"}}, {"model": "admin.logentry", "pk": 178, "fields": {"action_time": "2020-12-30T13:54:34.342Z", "user": 2, "content_type": 8, "object_id": "2", "object_repr": "yanab@ucd.ie", "action_flag": 1, "change_message": "[{\"added\": {}}]"}}, {"model": "admin.logentry", "pk": 179, "fields": {"action_time": "2021-01-02T11:09:37.456Z", "user": 2, "content_type": 24, "object_id": "4", "object_repr": "Jenna", "action_flag": 1, "change_message": "[{\"added\": {}}]"}}, {"model": "admin.logentry", "pk": 180, "fields": {"action_time": "2021-01-03T12:59:05.794Z", "user": 2, "content_type": 7, "object_id": "1", "object_repr": "beauty4u.herokuapp.com", "action_flag": 2, "change_message": "[{\"changed\": {\"fields\": [\"Domain name\"]}}]"}}, {"model": "admin.logentry", "pk": 181, "fields": {"action_time": "2021-01-05T22:19:17.727Z", "user": 2, "content_type": 15, "object_id": "12", "object_repr": "dkoneill", "action_flag": 2, "change_message": "[]"}}, {"model": "admin.logentry", "pk": 182, "fields": {"action_time": "2021-01-06T21:11:10.318Z", "user": 2, "content_type": 4, "object_id": "2", "object_repr": "dkoneill", "action_flag": 2, "change_message": "[{\"changed\": {\"fields\": [\"First name\", \"Last name\"]}}]"}}, {"model": "admin.logentry", "pk": 183, "fields": {"action_time": "2021-01-06T21:19:55.698Z", "user": 2, "content_type": 4, "object_id": "2", "object_repr": "dkoneill", "action_flag": 2, "change_message": "[{\"changed\": {\"fields\": [\"First name\"]}}]"}}, {"model": "admin.logentry", "pk": 184, "fields": {"action_time": "2021-01-06T21:20:09.272Z", "user": 2, "content_type": 4, "object_id": "2", "object_repr": "dkoneill", "action_flag": 2, "change_message": "[{\"changed\": {\"fields\": [\"Last name\"]}}]"}}, {"model": "admin.logentry", "pk": 185, "fields": {"action_time": "2021-01-06T21:46:57.730Z", "user": 2, "content_type": 4, "object_id": "2", "object_repr": "dkoneill", "action_flag": 2, "change_message": "[{\"changed\": {\"fields\": [\"First name\", \"Last name\"]}}]"}}, {"model": "admin.logentry", "pk": 186, "fields": {"action_time": "2021-01-06T21:58:51.926Z", "user": 2, "content_type": 15, "object_id": "18", "object_repr": "dkoneill", "action_flag": 3, "change_message": ""}}, {"model": "admin.logentry", "pk": 187, "fields": {"action_time": "2021-01-06T21:58:51.929Z", "user": 2, "content_type": 15, "object_id": "17", "object_repr": "dkoneill", "action_flag": 3, "change_message": ""}}, {"model": "admin.logentry", "pk": 188, "fields": {"action_time": "2021-01-06T21:58:51.932Z", "user": 2, "content_type": 15, "object_id": "16", "object_repr": "dkoneill", "action_flag": 3, "change_message": ""}}, {"model": "admin.logentry", "pk": 189, "fields": {"action_time": "2021-01-06T21:58:51.934Z", "user": 2, "content_type": 15, "object_id": "15", "object_repr": "dkoneill", "action_flag": 3, "change_message": ""}}, {"model": "admin.logentry", "pk": 190, "fields": {"action_time": "2021-01-06T21:58:51.937Z", "user": 2, "content_type": 15, "object_id": "14", "object_repr": "dkoneill", "action_flag": 3, "change_message": ""}}, {"model": "admin.logentry", "pk": 191, "fields": {"action_time": "2021-01-06T21:58:51.939Z", "user": 2, "content_type": 15, "object_id": "13", "object_repr": "dkoneill", "action_flag": 3, "change_message": ""}}, {"model": "admin.logentry", "pk": 192, "fields": {"action_time": "2021-01-06T21:58:51.941Z", "user": 2, "content_type": 15, "object_id": "12", "object_repr": "dkoneill", "action_flag": 3, "change_message": ""}}, {"model": "admin.logentry", "pk": 193, "fields": {"action_time": "2021-01-06T21:58:51.944Z", "user": 2, "content_type": 15, "object_id": "11", "object_repr": "yanab", "action_flag": 3, "change_message": ""}}, {"model": "admin.logentry", "pk": 194, "fields": {"action_time": "2021-01-06T21:58:51.946Z", "user": 2, "content_type": 15, "object_id": "10", "object_repr": "koneill", "action_flag": 3, "change_message": ""}}, {"model": "admin.logentry", "pk": 195, "fields": {"action_time": "2021-01-06T21:58:51.949Z", "user": 2, "content_type": 15, "object_id": "9", "object_repr": "oneillbabs", "action_flag": 3, "change_message": ""}}, {"model": "admin.logentry", "pk": 196, "fields": {"action_time": "2021-01-06T21:58:51.951Z", "user": 2, "content_type": 15, "object_id": "8", "object_repr": "dobuzzin", "action_flag": 3, "change_message": ""}}, {"model": "admin.logentry", "pk": 197, "fields": {"action_time": "2021-01-07T15:21:08.942Z", "user": 2, "content_type": 19, "object_id": "23", "object_repr": "WEDNESDAY", "action_flag": 2, "change_message": "[{\"changed\": {\"fields\": [\"MarkedClosed\"]}}]"}}, {"model": "admin.logentry", "pk": 198, "fields": {"action_time": "2021-01-07T23:17:22.824Z", "user": 2, "content_type": 15, "object_id": "22", "object_repr": "dkoneill", "action_flag": 2, "change_message": "[{\"changed\": {\"fields\": [\"Confirmed\"]}}]"}}, {"model": "admin.logentry", "pk": 199, "fields": {"action_time": "2021-01-07T23:41:59.591Z", "user": 2, "content_type": 15, "object_id": "22", "object_repr": "dkoneill", "action_flag": 3, "change_message": ""}}, {"model": "admin.logentry", "pk": 200, "fields": {"action_time": "2021-01-07T23:41:59.594Z", "user": 2, "content_type": 15, "object_id": "21", "object_repr": "dkoneill", "action_flag": 3, "change_message": ""}}, {"model": "admin.logentry", "pk": 201, "fields": {"action_time": "2021-01-07T23:41:59.597Z", "user": 2, "content_type": 15, "object_id": "20", "object_repr": "dkoneill", "action_flag": 3, "change_message": ""}}, {"model": "admin.logentry", "pk": 202, "fields": {"action_time": "2021-01-07T23:41:59.599Z", "user": 2, "content_type": 15, "object_id": "19", "object_repr": "dkoneill", "action_flag": 3, "change_message": ""}}, {"model": "admin.logentry", "pk": 203, "fields": {"action_time": "2021-01-07T23:49:40.316Z", "user": 2, "content_type": 15, "object_id": "23", "object_repr": "dkoneill", "action_flag": 3, "change_message": ""}}, {"model": "admin.logentry", "pk": 204, "fields": {"action_time": "2021-01-08T00:12:20.824Z", "user": 2, "content_type": 15, "object_id": "24", "object_repr": "dkoneill", "action_flag": 2, "change_message": "[{\"changed\": {\"fields\": [\"Confirmed\"]}}]"}}, {"model": "admin.logentry", "pk": 205, "fields": {"action_time": "2021-01-08T00:13:04.801Z", "user": 2, "content_type": 15, "object_id": "25", "object_repr": "dkoneill", "action_flag": 2, "change_message": "[{\"changed\": {\"fields\": [\"Confirmed\"]}}]"}}, {"model": "admin.logentry", "pk": 206, "fields": {"action_time": "2021-01-08T00:15:56.794Z", "user": 2, "content_type": 15, "object_id": "24", "object_repr": "dkoneill", "action_flag": 2, "change_message": "[{\"changed\": {\"fields\": [\"Confirmed\"]}}]"}}, {"model": "admin.logentry", "pk": 207, "fields": {"action_time": "2021-01-08T00:16:56.619Z", "user": 2, "content_type": 15, "object_id": "25", "object_repr": "dkoneill", "action_flag": 2, "change_message": "[{\"changed\": {\"fields\": [\"Confirmed\"]}}]"}}, {"model": "admin.logentry", "pk": 208, "fields": {"action_time": "2021-01-09T19:14:03.881Z", "user": 2, "content_type": 14, "object_id": "4", "object_repr": "giftsets", "action_flag": 3, "change_message": ""}}, {"model": "admin.logentry", "pk": 209, "fields": {"action_time": "2021-01-09T19:14:03.885Z", "user": 2, "content_type": 14, "object_id": "3", "object_repr": "makeup", "action_flag": 3, "change_message": ""}}, {"model": "admin.logentry", "pk": 210, "fields": {"action_time": "2021-01-09T19:14:03.887Z", "user": 2, "content_type": 14, "object_id": "2", "object_repr": "skin", "action_flag": 3, "change_message": ""}}, {"model": "admin.logentry", "pk": 211, "fields": {"action_time": "2021-01-09T19:14:03.891Z", "user": 2, "content_type": 14, "object_id": "1", "object_repr": "hair", "action_flag": 3, "change_message": ""}}, {"model": "admin.logentry", "pk": 212, "fields": {"action_time": "2021-01-09T19:45:56.544Z", "user": 2, "content_type": 18, "object_id": "7", "object_repr": "Olaplex", "action_flag": 3, "change_message": ""}}, {"model": "admin.logentry", "pk": 213, "fields": {"action_time": "2021-01-09T19:45:56.547Z", "user": 2, "content_type": 18, "object_id": "6", "object_repr": "SoSu", "action_flag": 3, "change_message": ""}}, {"model": "admin.logentry", "pk": 214, "fields": {"action_time": "2021-01-09T19:45:56.550Z", "user": 2, "content_type": 18, "object_id": "5", "object_repr": "Moroccanoil", "action_flag": 3, "change_message": ""}}, {"model": "admin.logentry", "pk": 215, "fields": {"action_time": "2021-01-09T19:45:56.553Z", "user": 2, "content_type": 18, "object_id": "4", "object_repr": "Joico", "action_flag": 3, "change_message": ""}}, {"model": "admin.logentry", "pk": 216, "fields": {"action_time": "2021-01-09T19:45:56.555Z", "user": 2, "content_type": 18, "object_id": "3", "object_repr": "Jane Iredale", "action_flag": 3, "change_message": ""}}, {"model": "admin.logentry", "pk": 217, "fields": {"action_time": "2021-01-09T19:45:56.558Z", "user": 2, "content_type": 18, "object_id": "2", "object_repr": "Dermalogica", "action_flag": 3, "change_message": ""}}, {"model": "admin.logentry", "pk": 218, "fields": {"action_time": "2021-01-09T19:45:56.560Z", "user": 2, "content_type": 18, "object_id": "1", "object_repr": "Alfaparf", "action_flag": 3, "change_message": ""}}, {"model": "admin.logentry", "pk": 219, "fields": {"action_time": "2021-01-16T09:00:32.914Z", "user": 2, "content_type": 21, "object_id": "83", "object_repr": "7ADB3962979A4E41B6BD67CACB44BE2A", "action_flag": 3, "change_message": ""}}, {"model": "admin.logentry", "pk": 220, "fields": {"action_time": "2021-01-16T09:00:32.918Z", "user": 2, "content_type": 21, "object_id": "82", "object_repr": "3F6BC567708641F4802ECC7AD98028E3", "action_flag": 3, "change_message": ""}}, {"model": "admin.logentry", "pk": 221, "fields": {"action_time": "2021-01-16T09:00:32.921Z", "user": 2, "content_type": 21, "object_id": "81", "object_repr": "5CDF950E5A214E0C91E742CC6498C7D5", "action_flag": 3, "change_message": ""}}, {"model": "admin.logentry", "pk": 222, "fields": {"action_time": "2021-01-16T09:00:32.923Z", "user": 2, "content_type": 21, "object_id": "80", "object_repr": "88263CB067EE44198358F50800E162C9", "action_flag": 3, "change_message": ""}}, {"model": "admin.logentry", "pk": 223, "fields": {"action_time": "2021-01-16T09:00:32.926Z", "user": 2, "content_type": 21, "object_id": "79", "object_repr": "9347287E02454E78B7B71361309254C8", "action_flag": 3, "change_message": ""}}, {"model": "admin.logentry", "pk": 224, "fields": {"action_time": "2021-01-16T09:00:32.928Z", "user": 2, "content_type": 21, "object_id": "78", "object_repr": "C97D8A71E6A5469B8416A093B63BBE63", "action_flag": 3, "change_message": ""}}, {"model": "admin.logentry", "pk": 225, "fields": {"action_time": "2021-01-16T09:00:32.931Z", "user": 2, "content_type": 21, "object_id": "77", "object_repr": "5A5D561633BF422599737D40D9639D02", "action_flag": 3, "change_message": ""}}, {"model": "admin.logentry", "pk": 226, "fields": {"action_time": "2021-01-16T09:00:32.933Z", "user": 2, "content_type": 21, "object_id": "76", "object_repr": "04148DC58D774F168AAE23A9C23A1D16", "action_flag": 3, "change_message": ""}}, {"model": "admin.logentry", "pk": 227, "fields": {"action_time": "2021-01-16T09:00:32.936Z", "user": 2, "content_type": 21, "object_id": "75", "object_repr": "EE7647D3F2E14F14B277400311C1B6DB", "action_flag": 3, "change_message": ""}}, {"model": "admin.logentry", "pk": 228, "fields": {"action_time": "2021-01-16T09:00:32.938Z", "user": 2, "content_type": 21, "object_id": "74", "object_repr": "DA9A3FFAE76840EABC178705DA763E28", "action_flag": 3, "change_message": ""}}, {"model": "admin.logentry", "pk": 229, "fields": {"action_time": "2021-01-16T09:00:32.941Z", "user": 2, "content_type": 21, "object_id": "73", "object_repr": "4F521792B542487BA4A92C4B4A707761", "action_flag": 3, "change_message": ""}}, {"model": "admin.logentry", "pk": 230, "fields": {"action_time": "2021-01-16T09:00:32.944Z", "user": 2, "content_type": 21, "object_id": "72", "object_repr": "E2D943EA772040FEB34B6C6B9B581962", "action_flag": 3, "change_message": ""}}, {"model": "admin.logentry", "pk": 231, "fields": {"action_time": "2021-01-16T09:00:32.947Z", "user": 2, "content_type": 21, "object_id": "71", "object_repr": "75FDC389DBB049CA92C7C22D83C27824", "action_flag": 3, "change_message": ""}}, {"model": "admin.logentry", "pk": 232, "fields": {"action_time": "2021-01-16T09:00:32.949Z", "user": 2, "content_type": 21, "object_id": "70", "object_repr": "1993690220FF4F9794A25106A468665D", "action_flag": 3, "change_message": ""}}, {"model": "admin.logentry", "pk": 233, "fields": {"action_time": "2021-01-16T09:00:32.952Z", "user": 2, "content_type": 21, "object_id": "69", "object_repr": "A64BAF531C7D473991EAAD3753C39A17", "action_flag": 3, "change_message": ""}}, {"model": "admin.logentry", "pk": 234, "fields": {"action_time": "2021-01-16T09:00:32.954Z", "user": 2, "content_type": 21, "object_id": "68", "object_repr": "941D19DC198B4311917716231B19D4A4", "action_flag": 3, "change_message": ""}}, {"model": "admin.logentry", "pk": 235, "fields": {"action_time": "2021-01-16T09:00:32.957Z", "user": 2, "content_type": 21, "object_id": "67", "object_repr": "025E96C5AE41406CAD16B4964FAEC234", "action_flag": 3, "change_message": ""}}, {"model": "admin.logentry", "pk": 236, "fields": {"action_time": "2021-01-16T09:00:32.959Z", "user": 2, "content_type": 21, "object_id": "66", "object_repr": "A63A7621B86B4EC6ABCEC5E96926EE35", "action_flag": 3, "change_message": ""}}, {"model": "admin.logentry", "pk": 237, "fields": {"action_time": "2021-01-16T09:00:32.962Z", "user": 2, "content_type": 21, "object_id": "65", "object_repr": "A3A1C78A9F6347A0A88D838512C192D0", "action_flag": 3, "change_message": ""}}, {"model": "admin.logentry", "pk": 238, "fields": {"action_time": "2021-01-16T09:00:32.965Z", "user": 2, "content_type": 21, "object_id": "64", "object_repr": "F43644F4F82248128CFF262866F4CFB8", "action_flag": 3, "change_message": ""}}, {"model": "admin.logentry", "pk": 239, "fields": {"action_time": "2021-01-16T09:00:32.967Z", "user": 2, "content_type": 21, "object_id": "63", "object_repr": "5A19824AB9AF48BB9A7CE069D3EC03D2", "action_flag": 3, "change_message": ""}}, {"model": "admin.logentry", "pk": 240, "fields": {"action_time": "2021-01-16T09:00:32.970Z", "user": 2, "content_type": 21, "object_id": "62", "object_repr": "5680539A910F463CA99C38B8A3CD4723", "action_flag": 3, "change_message": ""}}, {"model": "admin.logentry", "pk": 241, "fields": {"action_time": "2021-01-16T09:00:32.972Z", "user": 2, "content_type": 21, "object_id": "61", "object_repr": "40983071424B47C49DEA878D36562FF7", "action_flag": 3, "change_message": ""}}, {"model": "admin.logentry", "pk": 242, "fields": {"action_time": "2021-01-16T09:00:32.974Z", "user": 2, "content_type": 21, "object_id": "60", "object_repr": "FC81F6824BCA489985C1994938997113", "action_flag": 3, "change_message": ""}}, {"model": "admin.logentry", "pk": 243, "fields": {"action_time": "2021-01-16T09:00:32.977Z", "user": 2, "content_type": 21, "object_id": "59", "object_repr": "046B3114CBA14B4F9B0F9822ADF073FC", "action_flag": 3, "change_message": ""}}, {"model": "admin.logentry", "pk": 244, "fields": {"action_time": "2021-01-16T09:00:32.980Z", "user": 2, "content_type": 21, "object_id": "58", "object_repr": "17179954FBD24DB0BC16C0634575E11D", "action_flag": 3, "change_message": ""}}, {"model": "admin.logentry", "pk": 245, "fields": {"action_time": "2021-01-16T09:00:32.983Z", "user": 2, "content_type": 21, "object_id": "57", "object_repr": "AB6A7C11C12E454F8F10CB5B2235B93A", "action_flag": 3, "change_message": ""}}, {"model": "admin.logentry", "pk": 246, "fields": {"action_time": "2021-01-16T09:00:32.986Z", "user": 2, "content_type": 21, "object_id": "56", "object_repr": "BAFA82BCEAD34AB9BD7BD1A1C49C6244", "action_flag": 3, "change_message": ""}}, {"model": "admin.logentry", "pk": 247, "fields": {"action_time": "2021-01-16T09:00:32.989Z", "user": 2, "content_type": 21, "object_id": "55", "object_repr": "D962F6977D4346C097EB1185B5DFECB4", "action_flag": 3, "change_message": ""}}, {"model": "admin.logentry", "pk": 248, "fields": {"action_time": "2021-01-16T09:00:32.992Z", "user": 2, "content_type": 21, "object_id": "54", "object_repr": "30A4DC910FBE4991B0A37142A62ED2E8", "action_flag": 3, "change_message": ""}}, {"model": "admin.logentry", "pk": 249, "fields": {"action_time": "2021-01-16T09:00:32.995Z", "user": 2, "content_type": 21, "object_id": "53", "object_repr": "F0BDC9830CA548EBA8A4B49397D59C5D", "action_flag": 3, "change_message": ""}}, {"model": "admin.logentry", "pk": 250, "fields": {"action_time": "2021-01-16T09:00:32.998Z", "user": 2, "content_type": 21, "object_id": "52", "object_repr": "968C2DB2FEED4DF7ACD0375F07396FC3", "action_flag": 3, "change_message": ""}}, {"model": "admin.logentry", "pk": 251, "fields": {"action_time": "2021-01-16T09:00:33.001Z", "user": 2, "content_type": 21, "object_id": "51", "object_repr": "D1C0911145CB4B198F210011A60A5EB9", "action_flag": 3, "change_message": ""}}, {"model": "admin.logentry", "pk": 252, "fields": {"action_time": "2021-01-16T09:00:33.003Z", "user": 2, "content_type": 21, "object_id": "50", "object_repr": "BBA4BF51CE1E48CC808F27B17D280F4E", "action_flag": 3, "change_message": ""}}, {"model": "admin.logentry", "pk": 253, "fields": {"action_time": "2021-01-16T09:00:33.006Z", "user": 2, "content_type": 21, "object_id": "49", "object_repr": "E187D802C88044AB874383CBDD8F951C", "action_flag": 3, "change_message": ""}}, {"model": "admin.logentry", "pk": 254, "fields": {"action_time": "2021-01-16T09:00:33.009Z", "user": 2, "content_type": 21, "object_id": "48", "object_repr": "7C02354B8FFA489489AF61DC07BBDC94", "action_flag": 3, "change_message": ""}}, {"model": "admin.logentry", "pk": 255, "fields": {"action_time": "2021-01-16T09:00:33.011Z", "user": 2, "content_type": 21, "object_id": "47", "object_repr": "C70F782F26B646C7A5D917DAC80B4A63", "action_flag": 3, "change_message": ""}}, {"model": "admin.logentry", "pk": 256, "fields": {"action_time": "2021-01-16T09:00:33.014Z", "user": 2, "content_type": 21, "object_id": "46", "object_repr": "0C5B9385D5C74EBC917990A8368AD06B", "action_flag": 3, "change_message": ""}}, {"model": "admin.logentry", "pk": 257, "fields": {"action_time": "2021-01-16T09:00:33.017Z", "user": 2, "content_type": 21, "object_id": "45", "object_repr": "AC850CE5B47B4041947A1E2604C42F25", "action_flag": 3, "change_message": ""}}, {"model": "admin.logentry", "pk": 258, "fields": {"action_time": "2021-01-16T09:00:33.019Z", "user": 2, "content_type": 21, "object_id": "44", "object_repr": "A0B6E5EB11084F0FA001C759F1C1D8DC", "action_flag": 3, "change_message": ""}}, {"model": "admin.logentry", "pk": 259, "fields": {"action_time": "2021-01-16T09:00:33.022Z", "user": 2, "content_type": 21, "object_id": "43", "object_repr": "879533825AEA4E68A90DAE577D42EBB8", "action_flag": 3, "change_message": ""}}, {"model": "admin.logentry", "pk": 260, "fields": {"action_time": "2021-01-16T09:00:33.024Z", "user": 2, "content_type": 21, "object_id": "42", "object_repr": "F17A5A6618A6491ABC2FA0F1148B909F", "action_flag": 3, "change_message": ""}}, {"model": "admin.logentry", "pk": 261, "fields": {"action_time": "2021-01-16T09:00:33.027Z", "user": 2, "content_type": 21, "object_id": "41", "object_repr": "1567C814FF62402F85FDEDC9475CD1EA", "action_flag": 3, "change_message": ""}}, {"model": "admin.logentry", "pk": 262, "fields": {"action_time": "2021-01-16T09:00:33.030Z", "user": 2, "content_type": 21, "object_id": "40", "object_repr": "FA5AB779AD934086B9E060FBFDA3CC4B", "action_flag": 3, "change_message": ""}}, {"model": "admin.logentry", "pk": 263, "fields": {"action_time": "2021-01-16T09:00:33.033Z", "user": 2, "content_type": 21, "object_id": "39", "object_repr": "F5DB4678376F436F8AEA8A2635CCD84F", "action_flag": 3, "change_message": ""}}, {"model": "admin.logentry", "pk": 264, "fields": {"action_time": "2021-01-16T09:00:33.036Z", "user": 2, "content_type": 21, "object_id": "38", "object_repr": "667550196ECF4C1B93274809E9149A35", "action_flag": 3, "change_message": ""}}, {"model": "admin.logentry", "pk": 265, "fields": {"action_time": "2021-01-16T09:00:33.039Z", "user": 2, "content_type": 21, "object_id": "37", "object_repr": "7A88346286314E25AC26C916F88EBEEA", "action_flag": 3, "change_message": ""}}, {"model": "admin.logentry", "pk": 266, "fields": {"action_time": "2021-01-16T09:00:33.042Z", "user": 2, "content_type": 21, "object_id": "36", "object_repr": "05B400DE0CFC40FBB8F0A78F32E8FD79", "action_flag": 3, "change_message": ""}}, {"model": "admin.logentry", "pk": 267, "fields": {"action_time": "2021-01-16T09:00:33.044Z", "user": 2, "content_type": 21, "object_id": "35", "object_repr": "BA028E6C7BDC4140AB4A8021C5CEC3BB", "action_flag": 3, "change_message": ""}}, {"model": "admin.logentry", "pk": 268, "fields": {"action_time": "2021-01-16T09:00:33.047Z", "user": 2, "content_type": 21, "object_id": "34", "object_repr": "9181972580D54BEC879430DB42638F3D", "action_flag": 3, "change_message": ""}}, {"model": "admin.logentry", "pk": 269, "fields": {"action_time": "2021-01-16T09:00:33.050Z", "user": 2, "content_type": 21, "object_id": "33", "object_repr": "99CFBD2A722B4EC38BB3011C70A98AF9", "action_flag": 3, "change_message": ""}}, {"model": "admin.logentry", "pk": 270, "fields": {"action_time": "2021-01-16T09:00:33.054Z", "user": 2, "content_type": 21, "object_id": "32", "object_repr": "C2E094D76FE64DA3B8978EB353383095", "action_flag": 3, "change_message": ""}}, {"model": "admin.logentry", "pk": 271, "fields": {"action_time": "2021-01-16T09:00:33.056Z", "user": 2, "content_type": 21, "object_id": "31", "object_repr": "B3E324104A0E4FEEB06E54B01C16B2F2", "action_flag": 3, "change_message": ""}}, {"model": "admin.logentry", "pk": 272, "fields": {"action_time": "2021-01-16T09:00:33.059Z", "user": 2, "content_type": 21, "object_id": "30", "object_repr": "80E4AB6DC883409BA8C760D90AA86844", "action_flag": 3, "change_message": ""}}, {"model": "admin.logentry", "pk": 273, "fields": {"action_time": "2021-01-16T09:00:33.061Z", "user": 2, "content_type": 21, "object_id": "29", "object_repr": "F51A8EAC324F413C86AA836173E5B4B7", "action_flag": 3, "change_message": ""}}, {"model": "admin.logentry", "pk": 274, "fields": {"action_time": "2021-01-16T09:00:33.064Z", "user": 2, "content_type": 21, "object_id": "28", "object_repr": "5CAD791E16CA42C4872DAC84189990AA", "action_flag": 3, "change_message": ""}}, {"model": "admin.logentry", "pk": 275, "fields": {"action_time": "2021-01-16T09:00:33.066Z", "user": 2, "content_type": 21, "object_id": "27", "object_repr": "EA26EF30C3F24F008090B5E8941A9F76", "action_flag": 3, "change_message": ""}}, {"model": "admin.logentry", "pk": 276, "fields": {"action_time": "2021-01-16T09:00:33.069Z", "user": 2, "content_type": 21, "object_id": "26", "object_repr": "7B855660962D46FE9952357803441C7B", "action_flag": 3, "change_message": ""}}, {"model": "admin.logentry", "pk": 277, "fields": {"action_time": "2021-01-16T09:00:33.071Z", "user": 2, "content_type": 21, "object_id": "25", "object_repr": "8EA4C905D0E741E4AAAE0461ABFFEE59", "action_flag": 3, "change_message": ""}}, {"model": "admin.logentry", "pk": 278, "fields": {"action_time": "2021-01-16T09:00:33.075Z", "user": 2, "content_type": 21, "object_id": "24", "object_repr": "85A9A4FDDE40428D9999D9338C126480", "action_flag": 3, "change_message": ""}}, {"model": "admin.logentry", "pk": 279, "fields": {"action_time": "2021-01-16T09:00:33.078Z", "user": 2, "content_type": 21, "object_id": "23", "object_repr": "50729C6EAF5743BD85BC34B4A045184E", "action_flag": 3, "change_message": ""}}, {"model": "admin.logentry", "pk": 280, "fields": {"action_time": "2021-01-16T09:00:33.080Z", "user": 2, "content_type": 21, "object_id": "22", "object_repr": "0262DD9B312D44929ECE9443C831344A", "action_flag": 3, "change_message": ""}}, {"model": "admin.logentry", "pk": 281, "fields": {"action_time": "2021-01-16T09:00:33.083Z", "user": 2, "content_type": 21, "object_id": "21", "object_repr": "C8A50721B7554D14B5ADDC2901986091", "action_flag": 3, "change_message": ""}}, {"model": "admin.logentry", "pk": 282, "fields": {"action_time": "2021-01-16T09:00:33.086Z", "user": 2, "content_type": 21, "object_id": "20", "object_repr": "7FA2D9DBD9774F589D87A1E058D4F0F8", "action_flag": 3, "change_message": ""}}, {"model": "admin.logentry", "pk": 283, "fields": {"action_time": "2021-01-16T09:00:33.089Z", "user": 2, "content_type": 21, "object_id": "19", "object_repr": "2DF63C4A376E417FACA2F0BE337D370E", "action_flag": 3, "change_message": ""}}, {"model": "admin.logentry", "pk": 284, "fields": {"action_time": "2021-01-16T09:00:33.091Z", "user": 2, "content_type": 21, "object_id": "18", "object_repr": "DA3F1AFE5C1947488F90F76E7E461331", "action_flag": 3, "change_message": ""}}, {"model": "admin.logentry", "pk": 285, "fields": {"action_time": "2021-01-16T09:00:33.094Z", "user": 2, "content_type": 21, "object_id": "17", "object_repr": "680F3E42BCC34B4181CACA541B992E93", "action_flag": 3, "change_message": ""}}, {"model": "admin.logentry", "pk": 286, "fields": {"action_time": "2021-01-16T09:00:33.097Z", "user": 2, "content_type": 21, "object_id": "16", "object_repr": "14C1B893CC8D4C4EB8CD6DC1A9F9761D", "action_flag": 3, "change_message": ""}}, {"model": "admin.logentry", "pk": 287, "fields": {"action_time": "2021-01-16T09:00:33.099Z", "user": 2, "content_type": 21, "object_id": "15", "object_repr": "026698AD42F3415B980515176B889243", "action_flag": 3, "change_message": ""}}, {"model": "admin.logentry", "pk": 288, "fields": {"action_time": "2021-01-16T09:00:33.102Z", "user": 2, "content_type": 21, "object_id": "14", "object_repr": "4A12DFBAAE004035B631668B7BC58F64", "action_flag": 3, "change_message": ""}}, {"model": "admin.logentry", "pk": 289, "fields": {"action_time": "2021-01-16T09:00:33.105Z", "user": 2, "content_type": 21, "object_id": "13", "object_repr": "B3EE195E7B3A4A39A71CED8A253F34D8", "action_flag": 3, "change_message": ""}}, {"model": "admin.logentry", "pk": 290, "fields": {"action_time": "2021-01-16T09:00:33.108Z", "user": 2, "content_type": 21, "object_id": "12", "object_repr": "F8F5EC04510A4036BCA6F41816E8FBA5", "action_flag": 3, "change_message": ""}}, {"model": "admin.logentry", "pk": 291, "fields": {"action_time": "2021-01-16T09:00:33.111Z", "user": 2, "content_type": 21, "object_id": "11", "object_repr": "3116A4D27719405E8A483CAC72CB9A74", "action_flag": 3, "change_message": ""}}, {"model": "admin.logentry", "pk": 292, "fields": {"action_time": "2021-01-16T09:00:33.113Z", "user": 2, "content_type": 21, "object_id": "10", "object_repr": "CBA667B14E7E42B3B39AE2910F87CEFA", "action_flag": 3, "change_message": ""}}, {"model": "admin.logentry", "pk": 293, "fields": {"action_time": "2021-01-16T09:00:33.117Z", "user": 2, "content_type": 21, "object_id": "9", "object_repr": "2707F652C2DF4FA0A2D6D6BC26B2D568", "action_flag": 3, "change_message": ""}}, {"model": "admin.logentry", "pk": 294, "fields": {"action_time": "2021-01-16T09:00:33.120Z", "user": 2, "content_type": 21, "object_id": "8", "object_repr": "CBD2A84AEFF341099EEE29A8024F0D90", "action_flag": 3, "change_message": ""}}, {"model": "admin.logentry", "pk": 295, "fields": {"action_time": "2021-01-16T09:00:33.122Z", "user": 2, "content_type": 21, "object_id": "7", "object_repr": "A74047ABC31B4902BA4CEFC8CD492D6C", "action_flag": 3, "change_message": ""}}, {"model": "admin.logentry", "pk": 296, "fields": {"action_time": "2021-01-16T09:00:33.125Z", "user": 2, "content_type": 21, "object_id": "6", "object_repr": "CF5308C0CD3549F0A6CCAAADA41A2FB3", "action_flag": 3, "change_message": ""}}, {"model": "admin.logentry", "pk": 297, "fields": {"action_time": "2021-01-16T09:00:33.128Z", "user": 2, "content_type": 21, "object_id": "5", "object_repr": "CBAA3ADB43154F81B9B38691C33E6670", "action_flag": 3, "change_message": ""}}, {"model": "admin.logentry", "pk": 298, "fields": {"action_time": "2021-01-17T17:25:34.364Z", "user": 2, "content_type": 15, "object_id": "29", "object_repr": "dkoneill", "action_flag": 2, "change_message": "[{\"changed\": {\"fields\": [\"Confirmed\"]}}]"}}, {"model": "admin.logentry", "pk": 299, "fields": {"action_time": "2021-01-17T17:25:38.037Z", "user": 2, "content_type": 15, "object_id": "28", "object_repr": "dkoneill", "action_flag": 2, "change_message": "[{\"changed\": {\"fields\": [\"Confirmed\"]}}]"}}, {"model": "admin.logentry", "pk": 300, "fields": {"action_time": "2021-01-17T17:25:40.531Z", "user": 2, "content_type": 15, "object_id": "27", "object_repr": "dkoneill", "action_flag": 2, "change_message": "[{\"changed\": {\"fields\": [\"Confirmed\"]}}]"}}, {"model": "admin.logentry", "pk": 301, "fields": {"action_time": "2021-01-17T17:25:43.315Z", "user": 2, "content_type": 15, "object_id": "26", "object_repr": "dkoneill", "action_flag": 2, "change_message": "[{\"changed\": {\"fields\": [\"Confirmed\"]}}]"}}, {"model": "admin.logentry", "pk": 302, "fields": {"action_time": "2021-01-17T17:25:46.005Z", "user": 2, "content_type": 15, "object_id": "25", "object_repr": "dkoneill", "action_flag": 2, "change_message": "[{\"changed\": {\"fields\": [\"Confirmed\"]}}]"}}, {"model": "admin.logentry", "pk": 303, "fields": {"action_time": "2021-01-17T17:25:48.615Z", "user": 2, "content_type": 15, "object_id": "24", "object_repr": "dkoneill", "action_flag": 2, "change_message": "[{\"changed\": {\"fields\": [\"Confirmed\"]}}]"}}, {"model": "admin.logentry", "pk": 304, "fields": {"action_time": "2021-01-17T17:40:12.929Z", "user": 2, "content_type": 15, "object_id": "29", "object_repr": "dkoneill", "action_flag": 2, "change_message": "[{\"changed\": {\"fields\": [\"Confirmed\"]}}]"}}, {"model": "admin.logentry", "pk": 305, "fields": {"action_time": "2021-01-17T17:40:15.864Z", "user": 2, "content_type": 15, "object_id": "28", "object_repr": "dkoneill", "action_flag": 2, "change_message": "[{\"changed\": {\"fields\": [\"Confirmed\"]}}]"}}, {"model": "admin.logentry", "pk": 306, "fields": {"action_time": "2021-01-17T17:40:18.781Z", "user": 2, "content_type": 15, "object_id": "27", "object_repr": "dkoneill", "action_flag": 2, "change_message": "[]"}}, {"model": "admin.logentry", "pk": 307, "fields": {"action_time": "2021-01-17T17:40:22.058Z", "user": 2, "content_type": 15, "object_id": "24", "object_repr": "dkoneill", "action_flag": 2, "change_message": "[{\"changed\": {\"fields\": [\"Confirmed\"]}}]"}}, {"model": "admin.logentry", "pk": 308, "fields": {"action_time": "2021-01-17T17:40:24.699Z", "user": 2, "content_type": 15, "object_id": "25", "object_repr": "dkoneill", "action_flag": 2, "change_message": "[{\"changed\": {\"fields\": [\"Confirmed\"]}}]"}}, {"model": "admin.logentry", "pk": 309, "fields": {"action_time": "2021-01-17T17:46:27.280Z", "user": 2, "content_type": 15, "object_id": "29", "object_repr": "dkoneill", "action_flag": 2, "change_message": "[{\"changed\": {\"fields\": [\"Confirmed\"]}}]"}}, {"model": "admin.logentry", "pk": 310, "fields": {"action_time": "2021-01-17T17:46:30.038Z", "user": 2, "content_type": 15, "object_id": "28", "object_repr": "dkoneill", "action_flag": 2, "change_message": "[{\"changed\": {\"fields\": [\"Confirmed\"]}}]"}}, {"model": "admin.logentry", "pk": 311, "fields": {"action_time": "2021-01-17T17:46:32.702Z", "user": 2, "content_type": 15, "object_id": "27", "object_repr": "dkoneill", "action_flag": 2, "change_message": "[{\"changed\": {\"fields\": [\"Confirmed\"]}}]"}}, {"model": "admin.logentry", "pk": 312, "fields": {"action_time": "2021-01-17T17:46:35.435Z", "user": 2, "content_type": 15, "object_id": "26", "object_repr": "dkoneill", "action_flag": 2, "change_message": "[{\"changed\": {\"fields\": [\"Confirmed\"]}}]"}}, {"model": "admin.logentry", "pk": 313, "fields": {"action_time": "2021-01-17T17:46:40.823Z", "user": 2, "content_type": 15, "object_id": "26", "object_repr": "dkoneill", "action_flag": 2, "change_message": "[]"}}, {"model": "admin.logentry", "pk": 314, "fields": {"action_time": "2021-01-17T17:46:43.726Z", "user": 2, "content_type": 15, "object_id": "24", "object_repr": "dkoneill", "action_flag": 2, "change_message": "[{\"changed\": {\"fields\": [\"Confirmed\"]}}]"}}, {"model": "admin.logentry", "pk": 315, "fields": {"action_time": "2021-01-17T17:46:46.243Z", "user": 2, "content_type": 15, "object_id": "25", "object_repr": "dkoneill", "action_flag": 2, "change_message": "[{\"changed\": {\"fields\": [\"Confirmed\"]}}]"}}, {"model": "admin.logentry", "pk": 316, "fields": {"action_time": "2021-01-17T18:54:50.229Z", "user": 2, "content_type": 27, "object_id": "1", "object_repr": "dkoneill", "action_flag": 2, "change_message": "[{\"changed\": {\"fields\": [\"Default phone number\"]}}]"}}, {"model": "admin.logentry", "pk": 317, "fields": {"action_time": "2021-01-17T19:17:40.814Z", "user": 2, "content_type": 27, "object_id": "1", "object_repr": "dkoneill", "action_flag": 2, "change_message": "[{\"changed\": {\"fields\": [\"Default phone number\"]}}]"}}, {"model": "admin.logentry", "pk": 318, "fields": {"action_time": "2021-01-17T21:48:04.412Z", "user": 2, "content_type": 27, "object_id": "1", "object_repr": "dkoneill", "action_flag": 2, "change_message": "[{\"changed\": {\"fields\": [\"Default phone number\"]}}]"}}, {"model": "admin.logentry", "pk": 319, "fields": {"action_time": "2021-01-19T16:53:28.907Z", "user": 2, "content_type": 17, "object_id": "6", "object_repr": "Treatments", "action_flag": 3, "change_message": ""}}, {"model": "admin.logentry", "pk": 320, "fields": {"action_time": "2021-01-19T16:53:28.910Z", "user": 2, "content_type": 17, "object_id": "5", "object_repr": "Treatments", "action_flag": 3, "change_message": ""}}, {"model": "admin.logentry", "pk": 321, "fields": {"action_time": "2021-01-19T16:53:28.912Z", "user": 2, "content_type": 17, "object_id": "4", "object_repr": "Treatments", "action_flag": 3, "change_message": ""}}, {"model": "admin.logentry", "pk": 322, "fields": {"action_time": "2021-01-19T16:57:48.703Z", "user": 2, "content_type": 17, "object_id": "9", "object_repr": "Treatments2", "action_flag": 3, "change_message": ""}}, {"model": "admin.logentry", "pk": 323, "fields": {"action_time": "2021-01-19T16:57:48.706Z", "user": 2, "content_type": 17, "object_id": "8", "object_repr": "Treatments2", "action_flag": 3, "change_message": ""}}, {"model": "admin.logentry", "pk": 324, "fields": {"action_time": "2021-01-19T16:57:48.709Z", "user": 2, "content_type": 17, "object_id": "7", "object_repr": "Treatments", "action_flag": 3, "change_message": ""}}, {"model": "admin.logentry", "pk": 325, "fields": {"action_time": "2021-01-19T17:11:10.237Z", "user": 2, "content_type": 17, "object_id": "11", "object_repr": "Treatments", "action_flag": 3, "change_message": ""}}, {"model": "admin.logentry", "pk": 326, "fields": {"action_time": "2021-01-19T17:11:10.240Z", "user": 2, "content_type": 17, "object_id": "10", "object_repr": "Treatments", "action_flag": 3, "change_message": ""}}, {"model": "admin.logentry", "pk": 327, "fields": {"action_time": "2021-01-19T17:11:54.246Z", "user": 2, "content_type": 17, "object_id": "12", "object_repr": "hair", "action_flag": 3, "change_message": ""}}, {"model": "admin.logentry", "pk": 328, "fields": {"action_time": "2021-01-19T17:21:35.931Z", "user": 2, "content_type": 17, "object_id": "15", "object_repr": "Treatments", "action_flag": 3, "change_message": ""}}, {"model": "admin.logentry", "pk": 329, "fields": {"action_time": "2021-01-19T17:21:35.934Z", "user": 2, "content_type": 17, "object_id": "14", "object_repr": "Treatments", "action_flag": 3, "change_message": ""}}, {"model": "admin.logentry", "pk": 330, "fields": {"action_time": "2021-01-19T17:21:35.936Z", "user": 2, "content_type": 17, "object_id": "13", "object_repr": "Treatments", "action_flag": 3, "change_message": ""}}, {"model": "admin.logentry", "pk": 331, "fields": {"action_time": "2021-01-19T17:24:52.202Z", "user": 2, "content_type": 17, "object_id": "5", "object_repr": "TREatments", "action_flag": 3, "change_message": ""}}, {"model": "admin.logentry", "pk": 332, "fields": {"action_time": "2021-01-19T17:24:52.206Z", "user": 2, "content_type": 17, "object_id": "4", "object_repr": "Treatments", "action_flag": 3, "change_message": ""}}, {"model": "admin.logentry", "pk": 333, "fields": {"action_time": "2021-01-19T19:17:04.687Z", "user": 2, "content_type": 28, "object_id": "1", "object_repr": "This is a great product!", "action_flag": 1, "change_message": "[{\"added\": {}}]"}}, {"model": "admin.logentry", "pk": 334, "fields": {"action_time": "2021-01-20T17:46:13.483Z", "user": 2, "content_type": 28, "object_id": "6", "object_repr": "wwwwwwwwwwwwwwww", "action_flag": 3, "change_message": ""}}, {"model": "admin.logentry", "pk": 335, "fields": {"action_time": "2021-01-20T17:46:13.487Z", "user": 2, "content_type": 28, "object_id": "5", "object_repr": " This is a great product for your skin\n", "action_flag": 3, "change_message": ""}}, {"model": "admin.logentry", "pk": 336, "fields": {"action_time": "2021-01-20T17:46:13.490Z", "user": 2, "content_type": 28, "object_id": "4", "object_repr": " This is a great product for your skin", "action_flag": 3, "change_message": ""}}, {"model": "admin.logentry", "pk": 337, "fields": {"action_time": "2021-01-20T17:46:13.492Z", "user": 2, "content_type": 28, "object_id": "3", "object_repr": " This is another review about how great this product is!\n", "action_flag": 3, "change_message": ""}}, {"model": "admin.logentry", "pk": 338, "fields": {"action_time": "2021-01-20T17:46:13.495Z", "user": 2, "content_type": 28, "object_id": "2", "object_repr": "This is a great product for your skin", "action_flag": 3, "change_message": ""}}, {"model": "admin.logentry", "pk": 339, "fields": {"action_time": "2021-01-20T17:46:13.498Z", "user": 2, "content_type": 28, "object_id": "1", "object_repr": "This is a great product!", "action_flag": 3, "change_message": ""}}, {"model": "admin.logentry", "pk": 340, "fields": {"action_time": "2021-01-20T17:47:24.457Z", "user": 2, "content_type": 28, "object_id": "7", "object_repr": "This is my review for dermalogica \n", "action_flag": 3, "change_message": ""}}, {"model": "admin.logentry", "pk": 341, "fields": {"action_time": "2021-01-20T17:47:54.655Z", "user": 2, "content_type": 28, "object_id": "8", "object_repr": " This is my review for the product on this page \n", "action_flag": 3, "change_message": ""}}, {"model": "admin.logentry", "pk": 342, "fields": {"action_time": "2021-01-20T18:19:56.176Z", "user": 2, "content_type": 28, "object_id": "9", "object_repr": "This is my review for this product\n", "action_flag": 3, "change_message": ""}}, {"model": "admin.logentry", "pk": 343, "fields": {"action_time": "2021-01-20T18:48:30.224Z", "user": 2, "content_type": 28, "object_id": "10", "object_repr": " dsdsdsdsdsdsdsdsdsdsdsdsds\n", "action_flag": 3, "change_message": ""}}, {"model": "admin.logentry", "pk": 344, "fields": {"action_time": "2021-01-20T19:42:55.021Z", "user": 2, "content_type": 28, "object_id": "14", "object_repr": "This is a really good product!!", "action_flag": 3, "change_message": ""}}, {"model": "admin.logentry", "pk": 345, "fields": {"action_time": "2021-01-20T19:42:55.024Z", "user": 2, "content_type": 28, "object_id": "13", "object_repr": "This is an amazing product!!\n", "action_flag": 3, "change_message": ""}}, {"model": "admin.logentry", "pk": 346, "fields": {"action_time": "2021-01-20T19:42:55.027Z", "user": 2, "content_type": 28, "object_id": "12", "object_repr": " This is not a great product to be honest ... \n", "action_flag": 3, "change_message": ""}}, {"model": "admin.logentry", "pk": 347, "fields": {"action_time": "2021-01-20T19:42:55.029Z", "user": 2, "content_type": 28, "object_id": "11", "object_repr": "This is my review for the product", "action_flag": 3, "change_message": ""}}, {"model": "admin.logentry", "pk": 348, "fields": {"action_time": "2021-01-20T22:27:40.699Z", "user": 2, "content_type": 28, "object_id": "24", "object_repr": " Classic! Love this one! \n", "action_flag": 3, "change_message": ""}}, {"model": "admin.logentry", "pk": 349, "fields": {"action_time": "2021-01-20T22:27:40.702Z", "user": 2, "content_type": 28, "object_id": "23", "object_repr": " My Favourite of theirs!! Use it all the time \n", "action_flag": 3, "change_message": ""}}, {"model": "admin.logentry", "pk": 350, "fields": {"action_time": "2021-01-20T22:27:40.705Z", "user": 2, "content_type": 28, "object_id": "22", "object_repr": " Love this product! Would highly recommend!\n", "action_flag": 3, "change_message": ""}}, {"model": "admin.logentry", "pk": 351, "fields": {"action_time": "2021-01-20T22:27:40.707Z", "user": 2, "content_type": 28, "object_id": "21", "object_repr": "Super super !!! Just love it!!", "action_flag": 3, "change_message": ""}}, {"model": "admin.logentry", "pk": 352, "fields": {"action_time": "2021-01-20T22:27:40.710Z", "user": 2, "content_type": 28, "object_id": "20", "object_repr": "Not too bad i guess", "action_flag": 3, "change_message": ""}}, {"model": "admin.logentry", "pk": 353, "fields": {"action_time": "2021-01-20T22:27:40.712Z", "user": 2, "content_type": 28, "object_id": "19", "object_repr": " I did not find this very useful\n", "action_flag": 3, "change_message": ""}}, {"model": "admin.logentry", "pk": 354, "fields": {"action_time": "2021-01-20T22:27:40.714Z", "user": 2, "content_type": 28, "object_id": "18", "object_repr": " This is an okay product \n", "action_flag": 3, "change_message": ""}}, {"model": "admin.logentry", "pk": 355, "fields": {"action_time": "2021-01-20T22:27:40.717Z", "user": 2, "content_type": 28, "object_id": "17", "object_repr": " This is an okay product - I use it sometimes\n", "action_flag": 3, "change_message": ""}}, {"model": "admin.logentry", "pk": 356, "fields": {"action_time": "2021-01-20T22:27:40.719Z", "user": 2, "content_type": 28, "object_id": "16", "object_repr": "This is a really good product!! I love it!!", "action_flag": 3, "change_message": ""}}, {"model": "admin.logentry", "pk": 357, "fields": {"action_time": "2021-01-20T22:27:40.722Z", "user": 2, "content_type": 28, "object_id": "15", "object_repr": "This is not a great product!", "action_flag": 3, "change_message": ""}}, {"model": "admin.logentry", "pk": 358, "fields": {"action_time": "2021-01-25T17:21:23.473Z", "user": 2, "content_type": 13, "object_id": "5", "object_repr": "Jane Iredale PurePressed Base Mineral Foundation Refill", "action_flag": 2, "change_message": "[{\"changed\": {\"fields\": [\"Image\"]}}]"}}, {"model": "admin.logentry", "pk": 359, "fields": {"action_time": "2021-01-25T17:22:03.564Z", "user": 2, "content_type": 13, "object_id": "5", "object_repr": "Jane Iredale PurePressed Base Mineral Foundation Refill", "action_flag": 2, "change_message": "[{\"changed\": {\"fields\": [\"Image\"]}}]"}}, {"model": "admin.logentry", "pk": 360, "fields": {"action_time": "2021-01-28T21:13:05.909Z", "user": 2, "content_type": 4, "object_id": "7", "object_repr": "aaaa", "action_flag": 3, "change_message": ""}}, {"model": "admin.logentry", "pk": 361, "fields": {"action_time": "2021-01-28T21:13:05.912Z", "user": 2, "content_type": 4, "object_id": "4", "object_repr": "customer", "action_flag": 3, "change_message": ""}}, {"model": "admin.logentry", "pk": 362, "fields": {"action_time": "2021-01-28T21:13:05.915Z", "user": 2, "content_type": 4, "object_id": "6", "object_repr": "davidclody", "action_flag": 3, "change_message": ""}}, {"model": "admin.logentry", "pk": 363, "fields": {"action_time": "2021-01-28T21:13:05.917Z", "user": 2, "content_type": 4, "object_id": "1", "object_repr": "dobuzzin", "action_flag": 3, "change_message": ""}}, {"model": "admin.logentry", "pk": 364, "fields": {"action_time": "2021-01-28T21:13:05.920Z", "user": 2, "content_type": 4, "object_id": "5", "object_repr": "mrdkoneill", "action_flag": 3, "change_message": ""}}, {"model": "admin.logentry", "pk": 365, "fields": {"action_time": "2021-01-28T21:13:05.923Z", "user": 2, "content_type": 4, "object_id": "9", "object_repr": "qqqq", "action_flag": 3, "change_message": ""}}, {"model": "admin.logentry", "pk": 366, "fields": {"action_time": "2021-01-28T21:13:05.926Z", "user": 2, "content_type": 4, "object_id": "8", "object_repr": "wdwdwdw", "action_flag": 3, "change_message": ""}}, {"model": "admin.logentry", "pk": 367, "fields": {"action_time": "2021-01-28T21:13:05.929Z", "user": 2, "content_type": 4, "object_id": "3", "object_repr": "yanab", "action_flag": 3, "change_message": ""}}, {"model": "admin.logentry", "pk": 368, "fields": {"action_time": "2021-01-28T21:13:14.547Z", "user": 2, "content_type": 27, "object_id": "1", "object_repr": "dkoneill", "action_flag": 2, "change_message": "[]"}}, {"model": "auth.user", "pk": 2, "fields": {"password": "pbkdf2_sha256$216000$EGj7tUc8M5li$O4vb33asuTl4fFIEfP0ztHJQcEwReNSMIRNhzi+NHko=", "last_login": "2021-01-28T21:12:51.265Z", "is_superuser": true, "username": "dkoneill", "first_name": "David", "last_name": "O Neill", "email": "davidclody@hotmail.com", "is_staff": true, "is_active": true, "date_joined": "2020-10-09T08:45:46Z", "groups": [], "user_permissions": []}}, {"model": "sessions.session", "pk": "023yv5dw76hg9mb5tkr44zmzsvj22hpm", "fields": {"session_data": "NDllMTA5MTZmZmNiZjUwNDI0NjExZTk1NzU1NzI4YmYwNWU3NTE4NTp7ImhvbWV2aXNpdCI6IjEifQ==", "expire_date": "2021-01-17T09:28:40.407Z"}}, {"model": "sessions.session", "pk": "0a8rb4sgd8gjlfn1ra4rne2fuir7m982", "fields": {"session_data": ".eJxVjs-OwiAYxF_FfIc9NQ3_Sq1HPe8zEKAg31qhKbjRGN99IfGw3iYzv5nME0K6ul_MWOAAFDqweqvyCQMc6KuDHHBdMZ7V1ZWQ5gqdFrSX3dfulJbF2QL_GJty7ZIOlL6VoG7ZbQpbh8GHZ7S9uNiC-UfHc-ptimVD0zekf6e5_06zW45v9mMg6BzaXyoHQ72chGReDMJ6offMEz-JUQtjRmIpM05WzJNRcML0xL2Y94TLkXPeRrPLGVNU7r7i9qjvX3-rw1ml:1l2geQ:I8cwQCCBgVj_3y9wnPvpSvAUJvxMwxPip8xS7SYGvU8", "expire_date": "2021-02-04T20:33:54.865Z"}}, {"model": "sessions.session", "pk": "14fgfi8szrlzs1dpxbso7ampju8dhxq3", "fields": {"session_data": "ZDY5NzJkM2FhNmQ5MWEwN2MzZTQ3OThjOTVlNzBlNGMzZWQyYjA3NDp7Il9hdXRoX3VzZXJfaWQiOiIyIiwiX2F1dGhfdXNlcl9iYWNrZW5kIjoiZGphbmdvLmNvbnRyaWIuYXV0aC5iYWNrZW5kcy5Nb2RlbEJhY2tlbmQiLCJfYXV0aF91c2VyX2hhc2giOiJiMTg3YTMzMTI2MzBiNjBjZjU3YzU4Y2RiYzYxOTA5N2QzNjFjYzc1IiwiX3Nlc3Npb25fZXhwaXJ5IjowLCJjYXJ0Ijp7IjEiOjE0LCIyIjoxLCIzIjoxfX0=", "expire_date": "2020-11-09T12:08:28.940Z"}}, {"model": "sessions.session", "pk": "1g2svijfpn18km0nuwcl3pg03a7evwnv", "fields": {"session_data": "ODcyN2I3ZDc0MjljODk3M2FjZTI2M2FjZjk1MGNiODE0NjZiNzNkYjp7ImhvbWV2aXNpdCI6IjEiLCJfYXV0aF91c2VyX2lkIjoiMiIsIl9hdXRoX3VzZXJfYmFja2VuZCI6ImRqYW5nby5jb250cmliLmF1dGguYmFja2VuZHMuTW9kZWxCYWNrZW5kIiwiX2F1dGhfdXNlcl9oYXNoIjoiYjE4N2EzMzEyNjMwYjYwY2Y1N2M1OGNkYmM2MTkwOTdkMzYxY2M3NSJ9", "expire_date": "2021-01-13T11:41:10.519Z"}}, {"model": "sessions.session", "pk": "1jwguwri5ukd7i59z29q15f7nen96i21", "fields": {"session_data": "Y2FjYzNiYjYzZDM4MmNhNjBhYTM5NmVlNDhjMGU3NWFmOGJlZTM4NTp7Il9hdXRoX3VzZXJfaWQiOiIyIiwiX2F1dGhfdXNlcl9iYWNrZW5kIjoiZGphbmdvLmNvbnRyaWIuYXV0aC5iYWNrZW5kcy5Nb2RlbEJhY2tlbmQiLCJfYXV0aF91c2VyX2hhc2giOiJiMTg3YTMzMTI2MzBiNjBjZjU3YzU4Y2RiYzYxOTA5N2QzNjFjYzc1IiwiX3Nlc3Npb25fZXhwaXJ5IjoxMjA5NjAwLCJjYXJ0Ijp7IjIiOjF9LCJ3aXNobGlzdCI6WyIyIl19", "expire_date": "2021-01-06T18:34:26.499Z"}}, {"model": "sessions.session", "pk": "2d23arjq8eoagdqr7jd02b1ucxa8qiri", "fields": {"session_data": "NDk4M2Q3ODIyMTQyNTllZGYyMGMzNDAxZTIwN2ZkYzE3OWNjNTc5NTp7Il9hdXRoX3VzZXJfaWQiOiIyIiwiX2F1dGhfdXNlcl9iYWNrZW5kIjoiZGphbmdvLmNvbnRyaWIuYXV0aC5iYWNrZW5kcy5Nb2RlbEJhY2tlbmQiLCJfYXV0aF91c2VyX2hhc2giOiJiMTg3YTMzMTI2MzBiNjBjZjU3YzU4Y2RiYzYxOTA5N2QzNjFjYzc1IiwiX3Nlc3Npb25fZXhwaXJ5IjoxMjA5NjAwfQ==", "expire_date": "2020-10-31T06:17:20.607Z"}}, {"model": "sessions.session", "pk": "506fy0kcvyperbesoxdw57ufq4cjl3pn", "fields": {"session_data": "ODcyN2I3ZDc0MjljODk3M2FjZTI2M2FjZjk1MGNiODE0NjZiNzNkYjp7ImhvbWV2aXNpdCI6IjEiLCJfYXV0aF91c2VyX2lkIjoiMiIsIl9hdXRoX3VzZXJfYmFja2VuZCI6ImRqYW5nby5jb250cmliLmF1dGguYmFja2VuZHMuTW9kZWxCYWNrZW5kIiwiX2F1dGhfdXNlcl9oYXNoIjoiYjE4N2EzMzEyNjMwYjYwY2Y1N2M1OGNkYmM2MTkwOTdkMzYxY2M3NSJ9", "expire_date": "2021-01-13T12:15:32.159Z"}}, {"model": "sessions.session", "pk": "5flaju16ieelef9o6sqk9b34dzoma2zn", "fields": {"session_data": "ODcyN2I3ZDc0MjljODk3M2FjZTI2M2FjZjk1MGNiODE0NjZiNzNkYjp7ImhvbWV2aXNpdCI6IjEiLCJfYXV0aF91c2VyX2lkIjoiMiIsIl9hdXRoX3VzZXJfYmFja2VuZCI6ImRqYW5nby5jb250cmliLmF1dGguYmFja2VuZHMuTW9kZWxCYWNrZW5kIiwiX2F1dGhfdXNlcl9oYXNoIjoiYjE4N2EzMzEyNjMwYjYwY2Y1N2M1OGNkYmM2MTkwOTdkMzYxY2M3NSJ9", "expire_date": "2021-01-13T11:48:30.640Z"}}, {"model": "sessions.session", "pk": "702tyxkc7q26ircbygshwhibpoocgb5n", "fields": {"session_data": ".eJyrVkpOLCpRsqpWslCyMqzVUSrOyCwoyMxLj89NLcnIT1GyUgouScxLSSxKUUKSTM4vBmoyrQUApXMVug:1l15DF:eL4LkiYJjkKH4yuqvV9VQsCv5PtVbYHIfRS0MPOkNNI", "expire_date": "2021-01-31T10:23:13.888Z"}}, {"model": "sessions.session", "pk": "7cbcxlrmp4pr9nm8ppfrslpa4cro95r4", "fields": {"session_data": "eyJjYXJ0Ijp7IjgiOjQsIjEiOjI1LCIxMSI6OTA5NDh9LCJob21ldmlzaXQiOiIxIn0:1kydNy:fLVpKW0oUWXr210Ez76dB37JaUPyHDWYP2dJDenfviM", "expire_date": "2021-01-24T16:16:10.597Z"}}, {"model": "sessions.session", "pk": "7njbl879hcc3ycmv7e3e8j0nvyil5nte", "fields": {"session_data": ".eJxVkMFuwyAQRH8l4pxYGAiOfWvUU6Wceqwqaw1LTIshMjhtFeXfC2nUqjc0MztvlwsZw4RnG20iHanJmoBSYfGpP-NsjUXd4wTWkc4vzv25S8Q5D8g80MOSxpvQW5019l8bQL2jL4Z-A38MlQo-zXaoSqS6u7E6BI1uf8_-KxghjmW3Wm6H2shWSGbEVigjYMcMNa1oQAxDQ1XNBpQ5ZmgjOGXQciP0jnLZcM5LacQYbfA9fp7s_EW6mtFWUrommXO2CiPpXsjehY_VY7Zf1ySFBE6FWD6H0VyhYM7vC-Gk49c8N9rTyfpjP2EaQznyOYHXMJcbfs2fgoJJYEzewqFKqAvsCb2HQtKQ8AZh9YbWG15gyU5FazuxXT0cyPUbr72JiQ:1l3NFI:MZpfROdHOOmGL1z2GN-7OrUm0aoWK3vE_cEimJBTmKw", "expire_date": "2021-02-06T18:02:48.906Z"}}, {"model": "sessions.session", "pk": "7u1jx7b2zgj67jhmiw66lx4vxhag8xlz", "fields": {"session_data": ".eJxVj80OgyAQhN-FsyFCMYDH3vsMBnah0B9oRJs2xncvNl68zGG-2cnsQkJ-uncscSI9YaQhg5mnMMzFjUPE6omjZw3cXdoA3ky6Zgo5TWO0dIvQnRZ6yege5z17KAimhHp9wg40ABoPimsplREntNZpq9F73gnOkQFnGloQvgKhVCuFksww9PxfWlwpMafBfV5x_JK-bQiYsT6y1NU9awivuq4_lFJKOw:1l2NM9:0QWJQ1g0sg8rXnfhAuH_yliBndWe31ZZEKg-No15ZaI", "expire_date": "2021-02-03T23:57:45.926Z"}}, {"model": "sessions.session", "pk": "8e7zbnfltaflk9mknjxk4r7lppy1hy28", "fields": {"session_data": "eyJjYXJ0Ijp7IjgiOjJ9fQ:1kzR0w:e3Krpn_zl9Hbs4Y-2yh5IaRLPVM82jazCxl0zQrGPlw", "expire_date": "2021-01-26T21:15:42.088Z"}}, {"model": "sessions.session", "pk": "8fu969y75ddabfd8hea7wgrjrh2xjir7", "fields": {"session_data": ".eJxVjMsOwiAUBf-FtSGF0gBduvcbCNwLgg8w0BqN8d9tTTfdzsw5HxLL3T9TSxMZCSMHYuw8RTM3X03ChYk9cxauPq8CLzafC4WSp5ocXRO62UZPBf3tuLW7g2hbXNY9DqAB0AZQXEuprOjROa-dxhD4IDhHBpxp6ECERQilOimUZJZh4P_T5ltLJRv_eqT6JmP3_QGzn0T_:1kxX7B:jbisgsEjMwiTwDWXqsoMSzGrggRS03_ZF3VCMPIhTK8", "expire_date": "2021-01-21T15:22:17.019Z"}}, {"model": "sessions.session", "pk": "8ye3qtz8luqq8mj4jlu8k5dno5kzd287", "fields": {"session_data": ".eJxVj8tOwzAQRX8FzTpEftVJvAN2SP0ChCI_xsSQ2ih2KlDVf8dG3VSaxejeM497gSWd8BxyKKCAQgdWb7W9AAPFOhhB0Q4oBSWvHcx6L8u8Z9zm4CrP4E4z2n5hbIb71PEj9TbFsgXTN6S_ubk_Jofr8429W7DovLQ3qDwY6uUkJPPiIKwXemSe-EkMWhgzEEuZQVkxTwbBCdMT98KNhMuBc96WZsw5pDjjz3fYfkGRDuqFc7CYQb3By76t8N5BSUWvNuX_9C1OLtr7Or2iLega-oox6sY6XbCFJow-klpTxUs4NW1UnDw8HeH6B1GCZxM:1kyeWt:NJPBa9O6Db6jhOhJ_rTH6DcLjUsxHZVP9rvYbiztDUc", "expire_date": "2021-01-24T17:29:27.006Z"}}, {"model": "sessions.session", "pk": "bcg00x0ogh88ml7e8dw0yvxhii47c3e0", "fields": {"session_data": "OGMxODA2NzE2ZWMyNjc3NDI5NjczNzU4MDAyNWExNjE5MGUwZGFmYTp7Il9hdXRoX3VzZXJfaWQiOiIyIiwiX2F1dGhfdXNlcl9iYWNrZW5kIjoiZGphbmdvLmNvbnRyaWIuYXV0aC5iYWNrZW5kcy5Nb2RlbEJhY2tlbmQiLCJfYXV0aF91c2VyX2hhc2giOiJiMTg3YTMzMTI2MzBiNjBjZjU3YzU4Y2RiYzYxOTA5N2QzNjFjYzc1IiwiaG9tZXZpc2l0IjoiMSIsImNhcnQiOnsiNyI6MX19", "expire_date": "2021-01-13T11:16:43.709Z"}}, {"model": "sessions.session", "pk": "cowsv2lqddarcuutvdjnhyef578r86jb", "fields": {"session_data": ".eJxVjzkOgzAURO_ya4S8YYPL9DkD8ho7C45siBIh7h4s0dDOPL3RrBDSy31iiTNIwNDAqJY5jEtxeYx2z8g508o83FQLe1fTLbUmTXOOuq1Ie7SlvSbrnpeDPQmCKqFOYd5p7PnAOPGsY8Yz1ROP_MCEYloLZDDRju-YR4JRRNRAPbM9olxQSqu0uFJimkb3fcf8A4kaMCrvR9b9icSkgR4k2bY_Nh9IUQ:1kycjA:5E5sBqDGfTP0TCkAMY-BuMQ996Y5soNylxHZmkQn49I", "expire_date": "2021-01-24T15:34:00.220Z"}}, {"model": "sessions.session", "pk": "d4upl7xg51n4xtna396gsvpaii1efnbu", "fields": {"session_data": ".eJxVjzuuwjAQRfcydRT5h0NSvp6KBVjjHzY87Mg2CITYO7FEQ3vv0bkzLwj56u6xxgYLUBhA4a0FdauuqGi3jP1mGs3FpV7YM6ZTHk1OrUQ9dmT8tnU8ZOv-_77sjyBgDX2Kyp2mXs5CMi92wniBe-aJn8WEQuuJGMq0kxvmySQ4YThzL-yecDlxzru0ulpjTso91liesJABDJbtkdemh4W-B6ghrmtMJ3V1LeR-9rFhslgsvD82V1Gd:1l0oST:bFQi_2Vw-LekjKpFy-sir_ttlnZQjI1pSMBPmfg70dg", "expire_date": "2021-01-30T16:29:49.362Z"}}, {"model": "sessions.session", "pk": "dg2cgfbj4r304cnpbf3wihz8nonwzcc9", "fields": {"session_data": "ZTUyNDVkZjhkZWZkYjY2OWVlNzhhOTcxZGVhMWRmYWUzYzY0M2MxZjp7Indpc2hsaXN0IjpbIjEiLCIzIl0sImNhcnQiOnsiMSI6MX0sIl9hdXRoX3VzZXJfaWQiOiIyIiwiX2F1dGhfdXNlcl9iYWNrZW5kIjoiZGphbmdvLmNvbnRyaWIuYXV0aC5iYWNrZW5kcy5Nb2RlbEJhY2tlbmQiLCJfYXV0aF91c2VyX2hhc2giOiJiMTg3YTMzMTI2MzBiNjBjZjU3YzU4Y2RiYzYxOTA5N2QzNjFjYzc1IiwiX3Nlc3Npb25fZXhwaXJ5IjoxMjA5NjAwfQ==", "expire_date": "2020-11-15T12:49:02.131Z"}}, {"model": "sessions.session", "pk": "di2irynh83gv6m5oi4qcekuk50euijcu", "fields": {"session_data": "ZTFhNTI5YzJkZWM1OWI2MGM3ZWRjZTY4N2ZlNTgzNDE1N2UxYzU2Nzp7ImNhcnQiOnt9LCJ3aXNobGlzdCI6WyIxIiwiMiIsIjMiLCIzIiwiMSIsIjEiLCIxIiwiMSJdfQ==", "expire_date": "2020-11-15T09:43:07.616Z"}}, {"model": "sessions.session", "pk": "f0swlqecvm3ff8297znhkdk9woxoggct", "fields": {"session_data": ".eJxVjTkOwyAUBe9CHSGWb7Bdps8ZEGsgC1jGjhJFuXuM5MbtvNG8L4rl6V-ppgWNiKITUnpdolqrn1VyG2NHZrS9-9wGd9P5WrAteZmTwU3B-1rxpTj_OO_uIRB1je2Kis7QIAYQLEAHNoDuWSBhAKnBGEksZcaLTQtEAidMDzyA6wkXknPeotXXmkpW_j2l-YNG8vsDOjZC3w:1l1tgj:Fj9GsHdCP1uNMTWmUsiYbOJRDeSzDqgwwQA853-dVmI", "expire_date": "2021-02-02T16:17:01.608Z"}}, {"model": "sessions.session", "pk": "fvxx35dm5cc1shjwt1rmpet229oxk0yf", "fields": {"session_data": ".eJxVjzkOhDAQBP8yMbJ8YY5w832DNTaexXvYEgYSxN8XJBLS7lK1eoMx_8IaS5yhBwEVWFzm0S4lTDYORybvmUP_CekshjemV2Y-p3mKjp0Iu9rCnnkI38fF3gQjlvGcEqZ2gkynjSRda08aW0mcOt2gdq7hXkgXzIERb7TiEjtFemi5Mo1S6pAWXIONiTL0hN8SKvA4HTc2aKGX-_4Hrt5GRQ:1kzQz9:VcHQgLTCA5amFdu69J05Zel9JbWfs58SPDx4ch3PmWU", "expire_date": "2021-01-26T21:13:51.251Z"}}, {"model": "sessions.session", "pk": "g1tnjnc8eaoyk3plcfg1to1alacfl619", "fields": {"session_data": ".eJxVkMtuwyAQRX8lYp1YgIlfu0ZdVcqqy6qyxjAEWgyRIY6qKP9eiLLJ9szRvbpzIybMuNpoExkII1sSYcXReh3IoMFF3JIRLsmMl4jLaFW2OHlhE8hf9OWgfsCfQiWDT4udqqJUz2usjkGhOzzdlwAD0ZRy1uwnppteNFyLvZBaQMc11b1oQUxTSyXjEzZZ07QVNeXQ11qojtZNW9d1Dr3aaJyNecrXY0tLvvMgXFYrMRZ4cOG6eV_-Ck8hgZOh2ITTsjyB1mNEhzKhKvoHeg_FVZDwoXG2o2zH-qwnOxfWDZRu3o4ZSFhy1i23Duye44w9n60_jTMmE8p_PhN4BYsi938kvXWU:1l0kMY:jSE9sHnmDFEl6BjYBdamC376G-1DGcfXwhRpNwv1aqo", "expire_date": "2021-01-30T12:07:26.122Z"}}, {"model": "sessions.session", "pk": "g50qt4hvheqt5j1iq5pkakzesagthwf4", "fields": {"session_data": ".eJxVjTkOwyAUBe9CHSGWb7Bdps8ZEGsgC1jGjhJFuXuM5MbtvNG8L4rl6V-ppgWNiKITUnpdolqrn1VyG2NHZrS9-9wGd9P5WrAteZmTwU3B-1rxpTj_OO_uIRB1je2Kis7QIAYQLEAHNoDuWSBhAKnBGEksZcaLTQtEAidMDzyA6wkXknPeotXXmkpW_j2l-YNG8vsDOjZC3w:1kyJd8:oV0Ks8XY76Qo9ILMkjotIdBU4uX5q-xyoZXdWu_Nlfo", "expire_date": "2021-01-23T19:10:30.972Z"}}, {"model": "sessions.session", "pk": "g95q4zxumqhjp1bxmfuwgl2q6ocxb7v0", "fields": {"session_data": "ODcyN2I3ZDc0MjljODk3M2FjZTI2M2FjZjk1MGNiODE0NjZiNzNkYjp7ImhvbWV2aXNpdCI6IjEiLCJfYXV0aF91c2VyX2lkIjoiMiIsIl9hdXRoX3VzZXJfYmFja2VuZCI6ImRqYW5nby5jb250cmliLmF1dGguYmFja2VuZHMuTW9kZWxCYWNrZW5kIiwiX2F1dGhfdXNlcl9oYXNoIjoiYjE4N2EzMzEyNjMwYjYwY2Y1N2M1OGNkYmM2MTkwOTdkMzYxY2M3NSJ9", "expire_date": "2021-01-13T11:45:19.951Z"}}, {"model": "sessions.session", "pk": "gbl1ap2u3tf7m91vgpjdb2ei43ohum4y", "fields": {"session_data": "MjA4ZTQyNmQyNDdmZTE1MGIxZDkwZDM3YzAzM2E5MWY4OTYzMzIwNDp7ImNhcnQiOnsiNyI6MX0sIndpc2hsaXN0IjpbIjMiLCIxIl0sIl9hdXRoX3VzZXJfaWQiOiIyIiwiX2F1dGhfdXNlcl9iYWNrZW5kIjoiZGphbmdvLmNvbnRyaWIuYXV0aC5iYWNrZW5kcy5Nb2RlbEJhY2tlbmQiLCJfYXV0aF91c2VyX2hhc2giOiJiMTg3YTMzMTI2MzBiNjBjZjU3YzU4Y2RiYzYxOTA5N2QzNjFjYzc1In0=", "expire_date": "2020-12-19T00:42:31.093Z"}}, {"model": "sessions.session", "pk": "gqzdnzbm4ol0dl3wvz7thi9db4371rd9", "fields": {"session_data": "ZGFjNDkwMmYwZjI0YzA3ODMxM2EyMGViZWJlMjQxNTkwZGMxZmYyZjp7Il9hdXRoX3VzZXJfaWQiOiIyIiwiX2F1dGhfdXNlcl9iYWNrZW5kIjoiZGphbmdvLmNvbnRyaWIuYXV0aC5iYWNrZW5kcy5Nb2RlbEJhY2tlbmQiLCJfYXV0aF91c2VyX2hhc2giOiJiMTg3YTMzMTI2MzBiNjBjZjU3YzU4Y2RiYzYxOTA5N2QzNjFjYzc1IiwiX3Nlc3Npb25fZXhwaXJ5IjoxMjA5NjAwLCJjYXJ0Ijp7IjIiOjEsIjMiOjJ9fQ==", "expire_date": "2020-12-25T09:21:55.353Z"}}, {"model": "sessions.session", "pk": "gvu8c1yc244dcumo4h27xvsx1xuacwxq", "fields": {"session_data": "OTI2NjE1ZGFjYmU0Y2Q5YWFiMWUzZGZjNjA3MWFlZWQ4Njg5ZjFmNDp7Il9hdXRoX3VzZXJfaWQiOiIyIiwiX2F1dGhfdXNlcl9iYWNrZW5kIjoiZGphbmdvLmNvbnRyaWIuYXV0aC5iYWNrZW5kcy5Nb2RlbEJhY2tlbmQiLCJfYXV0aF91c2VyX2hhc2giOiJiMTg3YTMzMTI2MzBiNjBjZjU3YzU4Y2RiYzYxOTA5N2QzNjFjYzc1IiwiX3Nlc3Npb25fZXhwaXJ5IjoxMjA5NjAwLCJjYXJ0Ijp7IjEiOjF9LCJ3aXNobGlzdCI6WyIxIl19", "expire_date": "2020-12-20T17:14:03.831Z"}}, {"model": "sessions.session", "pk": "imtuud14gtx7l8pcgjdk3xfgadaq00h0", "fields": {"session_data": ".eJxVjstqxDAMAH-l6ByCX-tsclx6KnR_oCxBtqXGbbBL7O2D0n-vA3tor5rRSN8w47Uu87XQNscAEyjo_s4c-ldKOwgvmJ5z73OqW3T9rvQ3WvrHHGg93dx_gQXL0raltAcn2Y7GKjYH49ngUbHg0QxonBuEl8qRbRqLwWihcNRswlFoO2it92ihUmJOM32-xe0LJqnEaIXooN15j54KTE9wWvPH3X3Dlw5qrrj6XGp74Izn1igVmVtoJV8p7P4DpYRw-fkF5E9WHQ:1kwsyr:yu30YOvWrvtUk-vQidZK8PI1m__KHZ5wiQKwQAnFCoI", "expire_date": "2021-01-19T20:31:01.148Z"}}, {"model": "sessions.session", "pk": "iu3capn05e3s9l8xbudr4hqsr16gkb5o", "fields": {"session_data": "eyJob21ldmlzaXQiOiIxIn0:1kyZBk:seRSyg3EogxMIIv1AkPn7zHozfjSOcX2rTHEDhecXQQ", "expire_date": "2021-01-24T11:47:16.282Z"}}, {"model": "sessions.session", "pk": "j0335055hygjy50kq8s9i7xebjpw88yp", "fields": {"session_data": "ODcyN2I3ZDc0MjljODk3M2FjZTI2M2FjZjk1MGNiODE0NjZiNzNkYjp7ImhvbWV2aXNpdCI6IjEiLCJfYXV0aF91c2VyX2lkIjoiMiIsIl9hdXRoX3VzZXJfYmFja2VuZCI6ImRqYW5nby5jb250cmliLmF1dGguYmFja2VuZHMuTW9kZWxCYWNrZW5kIiwiX2F1dGhfdXNlcl9oYXNoIjoiYjE4N2EzMzEyNjMwYjYwY2Y1N2M1OGNkYmM2MTkwOTdkMzYxY2M3NSJ9", "expire_date": "2021-01-13T12:50:54.870Z"}}, {"model": "sessions.session", "pk": "kbpq1n1rm62wg3pf4chu9ctavr69xe3c", "fields": {"session_data": ".eJxVj0FOwzAQRa-CZh1Fju06TZYVKyROgKpobI-JIdgo4xYQ4u7YUjfd_vfmf80vrPmDrpFjgRkG6GDBS1mXC9O-RF8zeZ9ZdO-UGvBvmF5z73Iqe7R9U_ob5f45e9pON_euYEVe29RgDnYIZtJGBn3QLmg8yiDCpEfU1o7CDdKSqVoQo1ZC4qSC9kehzKiUaqVMzDGnhb4_4_4Ds-igLlyjI4b5BU5b_np4rODcQckFN5e5fSlFPeaCIdSGjVwh3_QnSgnh_PcP94BZRw:1kwsy5:yfUqxtCRZ2QlSjhgFh5EPoLJKmfOcZj-zyb1KOSpe7w", "expire_date": "2021-01-19T20:30:13.131Z"}}, {"model": "sessions.session", "pk": "kdgx5ks1mzj50wahbxp4jddz263tfsmc", "fields": {"session_data": "eyJob21ldmlzaXQiOiIxIn0:1kw2vJ:0YIJ3zJS_VEzBHEalv355rglJQhtgloXs2fD_STXpSg", "expire_date": "2021-01-17T12:55:53.160Z"}}, {"model": "sessions.session", "pk": "kth2nc5nemsy7q6zkvjueqp3xqikzey6", "fields": {"session_data": "MWMzYTE2NzNiN2IwYzUzMDg2MDk4OTc4MmE2MWY0OTg4YjNhYmM4Mzp7ImNhcnQiOnsiMiI6MX19", "expire_date": "2020-11-09T12:16:21.780Z"}}, {"model": "sessions.session", "pk": "lf3lfmuoqyq4nwrrgtdjdmcqnsk6ykan", "fields": {"session_data": ".eJxVjTkOwyAUBe9CHSGWb7Bdps8ZEGsgC1jGjhJFuXuM5MbtvNG8L4rl6V-ppgWNiKITUnpdolqrn1VyG2NHZrS9-9wGd9P5WrAteZmTwU3B-1rxpTj_OO_uIRB1je2Kis7QIAYQLEAHNoDuWSBhAKnBGEksZcaLTQtEAidMDzyA6wkXknPeotXXmkpW_j2l-YNG8vsDOjZC3w:1l4ASu:oSaO_IfcHbAl--oqzfNtqZGmJWV3f2IglO4VQwfkK0M", "expire_date": "2021-02-08T22:36:08.170Z"}}, {"model": "sessions.session", "pk": "m1x3nzaqrwozz5ez6um2gm4i6ssyjd2q", "fields": {"session_data": "eyJob21ldmlzaXQiOiIxIiwiY2FydCI6eyI4IjoxfSwic2hpcHBpbmdfbWV0aG9kIjoiQ2xpY2sgJiBDb2xsZWN0In0:1l14qX:HezM9R3bqS1hnK1DvGn4czYOoz-r-4OlTFxeTdM6GEY", "expire_date": "2021-01-31T09:59:45.129Z"}}, {"model": "sessions.session", "pk": "mzmmd1dulcr6u1t2lom0nctapsgnjhrn", "fields": {"session_data": "YTlmZjRhNzQ1ODFiY2RjZGQ5MjYyMjFlMDNlMDg0MTFkMWIzOWNjMzp7Il9zZXNzaW9uX2V4cGlyeSI6MCwiX2F1dGhfdXNlcl9pZCI6IjIiLCJfYXV0aF91c2VyX2JhY2tlbmQiOiJkamFuZ28uY29udHJpYi5hdXRoLmJhY2tlbmRzLk1vZGVsQmFja2VuZCIsIl9hdXRoX3VzZXJfaGFzaCI6ImIxODdhMzMxMjYzMGI2MGNmNTdjNThjZGJjNjE5MDk3ZDM2MWNjNzUifQ==", "expire_date": "2020-10-23T09:03:01.775Z"}}, {"model": "sessions.session", "pk": "n9dr33tmsnhbmce1kkam70b3gneesry5", "fields": {"session_data": "ODcyN2I3ZDc0MjljODk3M2FjZTI2M2FjZjk1MGNiODE0NjZiNzNkYjp7ImhvbWV2aXNpdCI6IjEiLCJfYXV0aF91c2VyX2lkIjoiMiIsIl9hdXRoX3VzZXJfYmFja2VuZCI6ImRqYW5nby5jb250cmliLmF1dGguYmFja2VuZHMuTW9kZWxCYWNrZW5kIiwiX2F1dGhfdXNlcl9oYXNoIjoiYjE4N2EzMzEyNjMwYjYwY2Y1N2M1OGNkYmM2MTkwOTdkMzYxY2M3NSJ9", "expire_date": "2021-01-13T11:21:51.545Z"}}, {"model": "sessions.session", "pk": "ove712lrcilyhlduk4kd7c2c719a66j1", "fields": {"session_data": "NGVhODNlNTNjMWFmNjFmOWQ0NTUwYTY1ZjJhOThkMmVkMjkzOWY1NTp7Il9hdXRoX3VzZXJfaWQiOiIyIiwiX2F1dGhfdXNlcl9iYWNrZW5kIjoiZGphbmdvLmNvbnRyaWIuYXV0aC5iYWNrZW5kcy5Nb2RlbEJhY2tlbmQiLCJfYXV0aF91c2VyX2hhc2giOiJiMTg3YTMzMTI2MzBiNjBjZjU3YzU4Y2RiYzYxOTA5N2QzNjFjYzc1IiwiX3Nlc3Npb25fZXhwaXJ5IjowfQ==", "expire_date": "2020-10-27T17:55:39.703Z"}}, {"model": "sessions.session", "pk": "p12rvqoh81w1yte73i2jmchm4qhrl2zk", "fields": {"session_data": ".eJxVjcFqwzAQRH-l7NkYWVLk2MfQU6H5gRLMStqt1RqpWEqTUvLvkSGH9jrvzcwvTHgu83TOtE7BwwgSmr-ZRfdJcQP-A-N7al2KZQ223ZT2QXP7mjwth4f7b2DGPNd215md7dgM2kjWO-1Y416y4EH3qK3theukJVM1Fr1WQuKgWPu9UKZXSm2jmXIOKU50_QrrD4yigfrwHRxlGN_gsKTL03MFpwZKKri4lEu9PuKxtnNB5jqxkCvkN_-FYkQ43e4b2VTr:1kwt4g:NrhRvi34NS4uk_pNumBUHGEdMDuWpl0vDRjhS2GyHaE", "expire_date": "2021-01-19T20:37:02.161Z"}}, {"model": "sessions.session", "pk": "pg5xuswcg1v8ufl9a1aw13anyqrr88sn", "fields": {"session_data": "eyJob21ldmlzaXQiOiIxIn0:1kw2vT:9uUbcg-Mv3JCqEAFd8fmC8SF-WY0Cmt751WIt1sYGvE", "expire_date": "2021-01-17T12:56:03.383Z"}}, {"model": "sessions.session", "pk": "q6dgvgmodwb87vxztyaer6hxwjg44ruu", "fields": {"session_data": "YjQ1MmUyZGY0ZWEwNjZkOTlkNmU1OGFhMTZhMWIyMTkxYjUwMDU1OTp7Indpc2hsaXN0IjpbIjIiXSwiY2FydCI6eyIyIjoiMSJ9fQ==", "expire_date": "2020-11-15T10:23:56.380Z"}}, {"model": "sessions.session", "pk": "qm37ezfcz3e906tpnqhnvhe1gudj5jnh", "fields": {"session_data": ".eJxVj8tqwzAURH8laO0YWZafu4auCll1WYq5lq5ipbZkJCVtCfn3SsEUsp05zONGJrvgVXsdSE8KkpEBLmEaLh7doGXU2LM2gvhCkwx5BnOyubAmOD3mCck31-dHK3E-bOxTwAR-SlVFXY2FqjteM8UrLhSHlimqOt4AH8eGioKNWEdM0YaXlEFXKi5bWtZNWZYp1KP32poBf1btfklPMyLAxSO3e0b8pNdVm9OwYJhsGvwewEhwac-_KaxPx6uc0iSju2qBnvQf5DDb791rjP3MSLAB5g1lDzCAUrF_RhFQJvwNjYHESgj4wFixp8WedREPekla21O6ezmS-x_bNHaz:1l5DBL:qL7rgTbr6A3b4QJ-cTGKBlAxLOpzfw0mLGixbowNsok", "expire_date": "2021-02-11T19:42:19.238Z"}}, {"model": "sessions.session", "pk": "sb7twuef0bkesjuwc83ki0ozhxeggxj0", "fields": {"session_data": ".eJxVkM1uwyAQhN9lz5YFBtuxj73n1AdAy1-gtcECHDWK8u4xVdQq1_lmRrN7BxdXc_XZF5iBQgOoVNxDEVeTvPVGC7OiX2AO-7L80z2bdASmIyBwL-5XEF4fWveuSVTfJlSgvzBcYqtiKMnLtlraF83tOWqzfLy8bwUOs6vb6NBLaoeJD53lPVeW46mzxE58RC7lSBTtpBkOmyUjZ6TDiVmuT4QNI2OslmaTs49BmJ_NpxvMpAGF6bj8DpTDTB8NZOe3zYeLWE1xsc7-LBg0prrqD6qY67_6lhB4PAF_6mpj:1l4Ub5:YONpxt-_1xOmKsEMrlSx_C0VlUIGk0_7dF_9UNgN0E4", "expire_date": "2021-02-09T20:05:55.510Z"}}, {"model": "sessions.session", "pk": "td4cnd3zkplzmkq3myobhax2tjxpon1f", "fields": {"session_data": ".eJxVjc0OgjAQhN9lz4aUtpafo3efodnCrlSxNSwYjfHdlYQL1_m-mfmA4JN8TJyhZRyFDuBxmQe_CE0-9tCChl0WsLtRWkF_xXTJRZfTPMVQrEqxUSnOuafxtLm7gQFl-LfL0h1Dya6xTrM92o4t1poVN7ZCG0KlulIHcn-NVWWN0tgYtn2tjKuMMeuokEjMydPrEac3tOoAQ77TM0qc1wv4_gDQuklO:1kzSrU:V7T0CvCsz_9ua9meisWZzIH_JjpKMpJVxMfzeYE2HqY", "expire_date": "2021-01-26T23:14:04.564Z"}}, {"model": "sessions.session", "pk": "tyk8aw377mdu7qr1lewg8roe89h5au9t", "fields": {"session_data": ".eJxVjTkOgzAQRe_iOrK8DDakTM8ZrPEysbNgCUOaKHcPSDS07z39_2W5vtOntLKwK5PswhyuS3ZrS7MrcWPqzDyGZ5p2ER843SsPdVrm4vme8MM2PtaYXrejPQ1kbHm_kqbzkswARhF0EAiwVyRoAIvgvRVBKp_MlpGwoIXCQRPEXmhjtdbs9wdHODui:1l5Eax:keX-bjytBrgDwjD3Q125XJLnveGCUiEDlND737hmF6Y", "expire_date": "2021-02-11T21:12:51.272Z"}}, {"model": "sessions.session", "pk": "viqkmq3o12w27y29bnb3yh2tolgselq2", "fields": {"session_data": ".eJxVj81OwzAQhF-l8jlK1z_N342KE1KfAKFoba-JS2qj2C0gxLtjSz3AbTXzzazmm814zct8TbTN3rKJCdb81TSaNwrVsGcMr7E1MeTN67Yi7d1N7SlaWo939l_Bgmkpac67g-auG1UnnDoo4xQOwoEbVY9K6x4MF5q6gjnolQSBo3TKDiC7XkpZSxOl5GOY6fPdb19sgoaVDzdvKLHpmR3X-LF7LMZLw3LMuJqYcl0EJZwyOlcaVjKZbMWfKASs7BIvdPPJV5YX1GKmcgLfw7AXIKqW_aVqwwSwezixn1-1FmHc:1kwujv:AVEHAUyaPf4dFL5U6sECpdy1gIt-gqLOu8LQw8b_U8Y", "expire_date": "2021-01-19T22:23:43.637Z"}}, {"model": "sessions.session", "pk": "vl1mk46iljh1pjyp75fmbtzh2coq3y3w", "fields": {"session_data": ".eJxVjssOwiAURP-FtWkoUPpYuvcbyAUu9moFU9pGY_x3W9PEuJ1zZjIv1qcbLpRpYh0r2YGBc2mOk1lwpEDoDd6ABtbFeRh-dM44roVqLRiYp_4bGPJrJv4zC-6KcQP-AvGcCpfiNJItNqXYaS5OyeNw3N2_gR5yv30rdWXLoFulRVCVckFBIwIPrapBWVtzVwqLetUCr5XkAloZlG-41LWUchvNmDOlaPBxp_HJOv7-ACK3VHM:1kyDVA:nWvL3ngxxgrH1tfswV6NHLhcAA9Qi1p7q5D6zzVIJlU", "expire_date": "2021-01-23T12:37:52.570Z"}}, {"model": "sessions.session", "pk": "wvmidaveivw3b5vk3lyowq03azg0mppm", "fields": {"session_data": "ODcyN2I3ZDc0MjljODk3M2FjZTI2M2FjZjk1MGNiODE0NjZiNzNkYjp7ImhvbWV2aXNpdCI6IjEiLCJfYXV0aF91c2VyX2lkIjoiMiIsIl9hdXRoX3VzZXJfYmFja2VuZCI6ImRqYW5nby5jb250cmliLmF1dGguYmFja2VuZHMuTW9kZWxCYWNrZW5kIiwiX2F1dGhfdXNlcl9oYXNoIjoiYjE4N2EzMzEyNjMwYjYwY2Y1N2M1OGNkYmM2MTkwOTdkMzYxY2M3NSJ9", "expire_date": "2021-01-13T11:55:23.222Z"}}, {"model": "sessions.session", "pk": "wzg3gfqnw59gqy82v3lp8m0er6n8oyze", "fields": {"session_data": ".eJxVjc1KxTAQRl9FZl1KmuSmt11eXAk-gVzKJJmx0ZBIk_qD-O6mcBe6nXO-M9-w4F7XZS-0LcHDDBK6vzeL7pXSAfwLpufcu5zqFmx_KP2Nlv4xe4qXm_svsGJZ23oYzMkObCZtJOuTdqzxLFnwpEfU1o7CDdKSaRqLUSshcVKs_VkoMyqljmihUkJOC32-he0LZtFB-_AeHBWYn-AS88fdfQPXDmquGF0uFea0x9jEisytEMlV8of-QCkhXH9-Ad_bVWU:1kwt6C:oK7srdWGnTbVDIIJm1CkJxOup-HlRm_nVQAkbV9VadA", "expire_date": "2021-01-19T20:38:36.067Z"}}, {"model": "sessions.session", "pk": "x0atp1okk8fdyjkyu97ffyl2geau1hum", "fields": {"session_data": "MzdjMjA3M2E1MDU1MzRlYWFkMjA4MGVhYjZlMWQxMzQ0NmVhYjQ1Zjp7Il9hdXRoX3VzZXJfaWQiOiIyIiwiX2F1dGhfdXNlcl9iYWNrZW5kIjoiZGphbmdvLmNvbnRyaWIuYXV0aC5iYWNrZW5kcy5Nb2RlbEJhY2tlbmQiLCJfYXV0aF91c2VyX2hhc2giOiJiMTg3YTMzMTI2MzBiNjBjZjU3YzU4Y2RiYzYxOTA5N2QzNjFjYzc1IiwiX3Nlc3Npb25fZXhwaXJ5IjoxMjA5NjAwLCJ3aXNobGlzdCI6WyIzIl0sImNhcnQiOnsiMyI6MX19", "expire_date": "2020-12-19T00:47:39.186Z"}}, {"model": "sessions.session", "pk": "yconta3c395g0i70xip3nvnp5q38siok", "fields": {"session_data": ".eJxVjstuwyAQRX-lmrVlYSD4say67aofgAYzBNoELCBRoij_XiNlk-295z4esGKusDxggoU_Oyg-bFuIR32m6pOFBX4qRovZfnzRKVwp36EDjZfq9aVQ1qEx_F0zuP5RbIb9xXhM_ZpizcH0Delfbum_k6XT54t9K_BY_J4eBnUwg1OzVNzJg1ydxIk75mY5ojRmZOvADakdc2yUgnGchZN2YkKNQohWWqiUkKKm2xb27wvrwKczXUMJtU3A8x_DpVTY:1l0q8O:umfWMgrnCprKgclsV4eELMPacPuYchbb4vLUB8zgpa4", "expire_date": "2021-01-30T18:17:12.795Z"}}, {"model": "sites.site", "pk": 1, "fields": {"domain": "beauty4u.herokuapp.com", "name": "Beauty4U"}}, {"model": "account.emailaddress", "pk": 1, "fields": {"user": 2, "email": "davidclody@hotmail.com", "verified": true, "primary": true}}, {"model": "home.openhours", "pk": 21, "fields": {"day": "MONDAY", "openingTime": "10.30 A.M", "closingTime": "9 A.M", "markedClosed": true}}, {"model": "home.openhours", "pk": 22, "fields": {"day": "TUESDAY", "openingTime": "9 A.M", "closingTime": "8.30 A.M", "markedClosed": false}}, {"model": "home.openhours", "pk": 23, "fields": {"day": "WEDNESDAY", "openingTime": "8.30 P.M", "closingTime": "5.30 P.M", "markedClosed": false}}, {"model": "home.openhours", "pk": 24, "fields": {"day": "THURSDAY", "openingTime": "7 A.M", "closingTime": "9 P.M", "markedClosed": false}}, {"model": "home.openhours", "pk": 25, "fields": {"day": "FRIDAY", "openingTime": "11 A.M", "closingTime": "6 P.M", "markedClosed": false}}, {"model": "home.openhours", "pk": 26, "fields": {"day": "SATURDAY", "openingTime": "9 A.M", "closingTime": "6 P.M", "markedClosed": false}}, {"model": "home.openhours", "pk": 27, "fields": {"day": "SUNDAY", "openingTime": "", "closingTime": "", "markedClosed": true}}, {"model": "home.aboutus", "pk": 1, "fields": {"content": "Beauty4U is Ireland's #1 Source for Hair and Beauty services and products. We offer premium hair and beauty services at affordable prices. Since opening in 2020, we have continued to expand across the country. We hope to see you in a salon near you!"}}, {"model": "products.category", "pk": 4, "fields": {"name": "Skin"}}, {"model": "products.category", "pk": 5, "fields": {"name": "Shampoo"}}, {"model": "products.category", "pk": 6, "fields": {"name": "Conditioner"}}, {"model": "products.brand", "pk": 1, "fields": {"brand": "Alfaparf"}}, {"model": "products.brand", "pk": 2, "fields": {"brand": "Olaplex"}}, {"model": "products.brand", "pk": 7, "fields": {"brand": "Joico"}}, {"model": "products.brand", "pk": 36, "fields": {"brand": "Dermmalogica"}}, {"model": "products.brand", "pk": 38, "fields": {"brand": "Jane Iredale"}}, {"model": "products.product", "pk": 2, "fields": {"category": 5, "brand": 1, "sku": "pp2", "name": "Alfaparf Semi Di Lino Curls", "description": "Hydrates curls making hair soft tangle free and frizz free. Suitable for fine to medium curly hair.", "price": "14.25", "sale_price": "12.00", "in_stock": true, "size": "250ml", "rating": "4.20", "featured_product": true, "image_url": null, "image": "Alfaparf_Semi_Di_Lino_Curls_Enhancing_Low_Shampoo_250ml__97352.1597069011_OuOYneE.jpg"}}, {"model": "products.product", "pk": 3, "fields": {"category": 4, "brand": 36, "sku": "pp3", "name": "Dermalogica Skin Smoothing 2.0", "description": "Next-generation moisturiser with Active HydraMesh Technology infuses skin with 48 hours of continuous hydration and helps protect against environmental stress. This best-selling moisturiser features a state-of-the-art complex that works on a molecular level to help reduce Trans-Epidermal Water Loss (TEWL) and infuse skin with 48 hours of vital moisture. This advanced technology also helps shield skins natural microbiome from environmental stress. A dynamic Hyaluronic Acid Complex with Mallow, Cucumber and Arnica distributes hydration throughout the skin, helping to lock in moisture for lasting hydration. Also formulated with naturally-antioxidant Grape Seed Extract, Vitamin C and Vitamin E.", "price": "60.00", "sale_price": "30.00", "in_stock": true, "size": "100ml", "rating": "5.00", "featured_product": true, "image_url": null, "image": "dermalogica-1.jpg"}}, {"model": "products.product", "pk": 4, "fields": {"category": 4, "brand": 36, "sku": "pp4", "name": "Dermalogica Special Cleansing Gel", "description": "Dermalogica Special Cleansing Gel foams away impurities without leaving your skin feeling tight or dry. Anti-inflammatory balm mint and lavender extracts soothe your skin, while natural quillaja saponaria gently foams away toxins and cleanses debris. Fragrance and soap free, Dermalogica Special Cleansing Gel is ideal for combination to normal skin. Designed to thoroughly remove impurities without disturbing the skins natural moisture balance, this cleanser will leave your skin feeling cool and calm.", "price": "58.00", "sale_price": null, "in_stock": true, "size": "500ml", "rating": "4.20", "featured_product": false, "image_url": null, "image": "dermalogic-2_FZWe1RA.jpg"}}, {"model": "products.product", "pk": 5, "fields": {"category": null, "brand": 38, "sku": "pp8", "name": "Jane Iredale PurePressed Base Mineral Foundation Refill", "description": "A foundation and concealer in one which offers broad spectrum UV protection, the luxurious formula is enriched with antioxidant pine bark and pomegranate extracts that combat free radicals and minimise UV damage.", "price": "28.99", "sale_price": null, "in_stock": true, "size": null, "rating": "4.00", "featured_product": false, "image_url": null, "image": "jane_iredale_purepressed_base_refill_golden_glow_1_400x.jpg"}}, {"model": "products.product", "pk": 6, "fields": {"category": null, "brand": 38, "sku": "pp7", "name": "Jane Iredale Liquid Minerals Foundation", "description": "A gorgeous foundation and treatment serum in one, Jane Iredale Liquid Minerals Foundation will totally transform your look. Boasting a special liquid formulation, this foundation plumps and hydrates your skin while providing sheer to medium coverage. Also minimising lines, wrinkles and pores, it creates a wonderfully flawless complexion. The soothing feel calms any inflammation and the actives will gain the time they need to penetrate your skin courtesy of the latest liposome technology. Have you ever benefitted from a foundation that can do so much and so effortlessly?", "price": "35.00", "sale_price": "32.00", "in_stock": true, "size": null, "rating": "5.00", "featured_product": true, "image_url": null, "image": "jane-ire.jpg"}}, {"model": "products.product", "pk": 7, "fields": {"category": 5, "brand": 1, "sku": null, "name": "ALFAPARF Milano Style Stories Volume Mousse", "description": "The ideal mousse for fine hair.", "price": "13.25", "sale_price": null, "in_stock": true, "size": "125ml", "rating": null, "featured_product": false, "image_url": null, "image": "VOLUME-MOUSSE-WEB.jpg"}}, {"model": "products.product", "pk": 8, "fields": {"category": 5, "brand": 1, "sku": null, "name": "ALFAPARF Milano Style Stories Vintage Powder", "description": "Texturising powder.", "price": "19.75", "sale_price": null, "in_stock": true, "size": "8g", "rating": null, "featured_product": false, "image_url": null, "image": "VintagePowderWeb.jpg"}}, {"model": "products.product", "pk": 9, "fields": {"category": null, "brand": 1, "sku": null, "name": "ALFAPARF Milano Style Stories Texturising Gel", "description": "Texturising gel brings structure to the hair, for a defined but mouldable result.", "price": "13.75", "sale_price": null, "in_stock": true, "size": "150ml", "rating": null, "featured_product": false, "image_url": null, "image": "Style-Stories-Thermal-web.jpg"}}, {"model": "products.product", "pk": 10, "fields": {"category": 5, "brand": 1, "sku": null, "name": "ALFAPARF Milano Style Stories Thermal Protection", "description": "Acts as a thermo-active shield, protecting the hair from the heat of hot styling tools.", "price": "14.25", "sale_price": null, "in_stock": true, "size": "200ml", "rating": null, "featured_product": false, "image_url": null, "image": "TEXTURIZING_GELweb_uvJ79fo.jpg"}}, {"model": "products.product", "pk": 11, "fields": {"category": 4, "brand": 2, "sku": null, "name": "Olaplex No.0 Intensive Bond Building Treatment", "description": "Primes hair to absorb nourishment for maximum repair", "price": "27.50", "sale_price": null, "in_stock": true, "size": "155ml", "rating": null, "featured_product": false, "image_url": null, "image": "No.0-Intensive-Bond-Building-Hair-Treatment-2-Buy-Out_full.jpg"}}, {"model": "products.product", "pk": 12, "fields": {"category": 6, "brand": 2, "sku": null, "name": "Olaplex No3 Hair Perfector", "description": "A treatment, not a conditioner, that reduces breakage and visibly strengthens hair, improving its look and feel.", "price": "27.50", "sale_price": null, "in_stock": true, "size": "100ml", "rating": null, "featured_product": true, "image_url": null, "image": "No.3-hair-protectorWEB.jpg"}}, {"model": "products.product", "pk": 13, "fields": {"category": 6, "brand": 2, "sku": null, "name": "Olaplex No5 Conditioner", "description": "Restores, repairs, and hydrates without adding excess weight. Eliminates damaged frizz for strong, healthy, shiny hair.", "price": "27.50", "sale_price": null, "in_stock": true, "size": "250ml", "rating": null, "featured_product": false, "image_url": null, "image": "olaplex-n05.jpg"}}, {"model": "products.product", "pk": 14, "fields": {"category": 5, "brand": 7, "sku": null, "name": "Joico HydraSplash Hydrating Shampoo 300ml", "description": "Suitable for fine/medium dry hair\r\n\r\nJoico HydraSplash gently cleanses away residue without taking essential natural moisture from the hair, leaving your dry hair nourished soft, and healthy looking, without being weighed down.\r\n\r\nHow to use:\r\n\r\nApply to wet hair.\r\nLather.\r\nRinse well, repeat if necessary\r\nFollow with Hydra Splash Conditioner", "price": "17.95", "sale_price": null, "in_stock": true, "size": "300ml", "rating": null, "featured_product": false, "image_url": null, "image": "Joico_HydraSplash_Hydrating_Shampoo_300ml__26637.1597653760_2.jpg"}}, {"model": "products.review", "pk": 25, "fields": {"product": 2, "review": "what a great product! i love it ", "added_by": "dkoneill", "score": 2}}, {"model": "products.review", "pk": 26, "fields": {"product": 8, "review": " A really great product! Im very happy\n", "added_by": "dkoneill", "score": 4}}, {"model": "products.review", "pk": 27, "fields": {"product": 12, "review": " Very good for the skin. I really like it \n", "added_by": "dkoneill", "score": 5}}, {"model": "products.review", "pk": 28, "fields": {"product": 11, "review": " Very good - Bought a few of them\n", "added_by": "dkoneill", "score": 4}}, {"model": "products.review", "pk": 29, "fields": {"product": 11, "review": " I like this a lot! Would recommend\n", "added_by": "customer", "score": 5}}, {"model": "products.review", "pk": 30, "fields": {"product": 7, "review": " What a great product! Use it weekly!\n", "added_by": "dkoneill", "score": 3}}, {"model": "products.review", "pk": 31, "fields": {"product": 3, "review": " Top quality product from Dermalogica! Fast delivery too!\n", "added_by": "customer", "score": 4}}, {"model": "products.review", "pk": 32, "fields": {"product": 6, "review": "Super! Arrived quickly and really like it", "added_by": "dkoneill", "score": 5}}, {"model": "booking.services", "pk": 1, "fields": {"serviceCategory": 1, "name": "Blow Dry", "description": "Quick Blowdry", "price": "20.00"}}, {"model": "booking.services", "pk": 2, "fields": {"serviceCategory": 3, "name": "Gel Nails", "description": "Gel Nails", "price": "15.00"}}, {"model": "booking.services", "pk": 3, "fields": {"serviceCategory": 2, "name": "Wedding Make Up", "description": "Wedding Make Up", "price": "70.00"}}, {"model": "booking.services", "pk": 4, "fields": {"serviceCategory": 1, "name": "Curl", "description": "Curl", "price": "12.00"}}, {"model": "booking.services", "pk": 9, "fields": {"serviceCategory": 1, "name": "Wash & cut", "description": "", "price": "30.00"}}, {"model": "booking.services", "pk": 10, "fields": {"serviceCategory": 1, "name": "Wash, cut & blowdry", "description": "", "price": "45.00"}}, {"model": "booking.services", "pk": 12, "fields": {"serviceCategory": 7, "name": "1/2 head highlights", "description": "", "price": "60.00"}}, {"model": "booking.services", "pk": 13, "fields": {"serviceCategory": 7, "name": "Full head highlights", "description": "", "price": "80.00"}}, {"model": "booking.servicecategory", "pk": 1, "fields": {"name": "Hair"}}, {"model": "booking.servicecategory", "pk": 2, "fields": {"name": "Make Up"}}, {"model": "booking.servicecategory", "pk": 3, "fields": {"name": "Nails"}}, {"model": "booking.servicecategory", "pk": 7, "fields": {"name": "Colour"}}, {"model": "booking.bookings", "pk": 24, "fields": {"booking_id": "98E986060A8447A1BADB44759777AE3F", "username": "dkoneill", "customer_name": "David  O Neill", "service": "['Blow Dry']", "date": "2021-01-23", "time": "7:45 AM", "staff": "['Jenna']", "confirmed": true}}, {"model": "booking.bookings", "pk": 25, "fields": {"booking_id": "87371130382F401AA0E51436E5C47D99", "username": "dkoneill", "customer_name": "David  O Neill", "service": "['Blow Dry']", "date": "2021-01-16", "time": "8:00 AM", "staff": "['Jenna']", "confirmed": true}}, {"model": "booking.bookings", "pk": 26, "fields": {"booking_id": "59219F97756D45119F24ECC77E75FF97", "username": "dkoneill", "customer_name": "David  O Neill", "service": "['Blow Dry']", "date": "2021-01-16", "time": "8:15 AM", "staff": "['Jenna']", "confirmed": true}}, {"model": "booking.bookings", "pk": 27, "fields": {"booking_id": "53B0D0F7120346C48EDE432D5AB907D6", "username": "dkoneill", "customer_name": "David  O Neill", "service": "['Curl']", "date": "2021-01-09", "time": "8:30 AM", "staff": "['Jenna']", "confirmed": true}}, {"model": "booking.bookings", "pk": 28, "fields": {"booking_id": "85300588271A45EEB444F916D8655E2B", "username": "dkoneill", "customer_name": "David  O Neill", "service": "['Cut', 'Curl', 'Blow Dry']", "date": "2021-01-16", "time": "7:30 AM", "staff": "['Jenna']", "confirmed": true}}, {"model": "booking.bookings", "pk": 29, "fields": {"booking_id": "8D707947478B460B8465EA5AD9DE6BB5", "username": "dkoneill", "customer_name": "David  O Neill", "service": "['Blow Dry']", "date": "2021-01-19", "time": "8:00 AM", "staff": "['Jenna']", "confirmed": true}}, {"model": "booking.bookings", "pk": 30, "fields": {"booking_id": "54F3A237A761406AA1D70BDE45B8D0C2", "username": "dkoneill", "customer_name": "David O Neill", "service": "['Blow Dry']", "date": "2021-01-15", "time": "10:30 AM", "staff": "['Jenna']", "confirmed": true}}, {"model": "booking.bookings", "pk": 31, "fields": {"booking_id": "ED1BC84CBA074BD49019DC6252BEBE61", "username": "dkoneill", "customer_name": "David O Neill", "service": "['Blow Dry']", "date": "2021-01-09", "time": "8:15 AM", "staff": "['Jenna']", "confirmed": true}}, {"model": "booking.bookings", "pk": 32, "fields": {"booking_id": "0F49323E0D324E67B523F38D86D2580E", "username": "dkoneill", "customer_name": "David O Neill", "service": "['Blow Dry']", "date": "2021-01-30", "time": "9:45 AM", "staff": "['Jenna']", "confirmed": true}}, {"model": "booking.bookings", "pk": 33, "fields": {"booking_id": "ACBE5273EF3840EA843132668FE4BF87", "username": "dkoneill", "customer_name": "David O Neill", "service": "['Blow Dry', 'Curl']", "date": "2021-01-09", "time": "8:00 AM", "staff": "['Jenna']", "confirmed": true}}, {"model": "booking.bookings", "pk": 34, "fields": {"booking_id": "824ED63C05CF44799BF7215A44D3DE6D", "username": "dkoneill", "customer_name": "David O Neill", "service": "['Blow Dry', 'Curl']", "date": "2021-04-09", "time": "8:30 AM", "staff": "['Jenna']", "confirmed": true}}, {"model": "booking.bookings", "pk": 35, "fields": {"booking_id": "8667819482BF4D7D8FE517FC5F596EC7", "username": "dkoneill", "customer_name": "David O Neill", "service": "['Blow Dry']", "date": "2021-01-29", "time": "10:30 AM", "staff": "['Jenna']", "confirmed": true}}, {"model": "booking.bookings", "pk": 36, "fields": {"booking_id": "40DF05670FCA4764A7F73D52595F497F", "username": "dkoneill", "customer_name": "David O Neill", "service": "['Blow Dry']", "date": "2021-01-30", "time": "8:30 AM", "staff": "['Jenna']", "confirmed": true}}, {"model": "booking.bookings", "pk": 37, "fields": {"booking_id": "DE3FED93253044DF8542BBCF63FF7438", "username": "dkoneill", "customer_name": "David O Neill", "service": "['Blow Dry', 'Wedding Make Up']", "date": "2021-01-29", "time": "7:30 AM", "staff": "['Jenna']", "confirmed": true}}, {"model": "booking.bookings", "pk": 38, "fields": {"booking_id": "4ED2706AC84E40E2AD754463822C0B7C", "username": "dkoneill", "customer_name": "David O Neill", "service": "['Curl', 'Gel Nails', 'Blow Dry']", "date": "2021-02-09", "time": "3:30 PM", "staff": "['Jenna']", "confirmed": true}}, {"model": "booking.bookings", "pk": 39, "fields": {"booking_id": "5319A28707434DE1BD9D4EEB4CE5AE88", "username": "dkoneill", "customer_name": "David O Neill", "service": "['Curl']", "date": "2021-01-30", "time": "8:15 AM", "staff": "['Jenna']", "confirmed": true}}, {"model": "booking.bookings", "pk": 40, "fields": {"booking_id": "ADF82F33F664483DAB01DEA3058C1F18", "username": "customer", "customer_name": " ", "service": "['Curl']", "date": "2021-01-29", "time": "8:30 AM", "staff": "['Jenna']", "confirmed": true}}, {"model": "booking.bookings", "pk": 41, "fields": {"booking_id": "7885AA5E31B7475CBCE0A036BE945008", "username": "dkoneill", "customer_name": "David O Neill", "service": "['Blow Dry', 'Gel Nails']", "date": "2021-01-29", "time": "9:45 AM", "staff": "['Jenna']", "confirmed": false}}, {"model": "booking.bookings", "pk": 42, "fields": {"booking_id": "E0234AEE959C4C8A849906C4A5B281F9", "username": "dkoneill", "customer_name": "David O Neill", "service": "['Blow Dry', 'Full head highlights']", "date": "2021-01-30", "time": "8:15 AM", "staff": "['No Preference']", "confirmed": false}}, {"model": "booking.bookings", "pk": 43, "fields": {"booking_id": "7A52D50FF26749B29B6BD933F5BA45F9", "username": "dkoneill", "customer_name": "David O Neill", "service": "['Blow Dry', 'Full head highlights']", "date": "2021-01-30", "time": "8:15 AM", "staff": "['Jenna']", "confirmed": false}}, {"model": "booking.bookings", "pk": 44, "fields": {"booking_id": "6E2B18F647504DB585457A6CDD1C946F", "username": "dkoneill", "customer_name": "David O Neill", "service": "['Blow Dry']", "date": "2021-01-29", "time": "8:00 AM", "staff": "['Jenna']", "confirmed": false}}, {"model": "booking.bookings", "pk": 45, "fields": {"booking_id": "F959F81270E94E229256645D84F0766B", "username": "dkoneill", "customer_name": "David O Neill", "service": "['Blow Dry']", "date": "2021-01-29", "time": "8:00 AM", "staff": "['Jenna']", "confirmed": false}}, {"model": "management.sitesettings", "pk": 1, "fields": {"name": "Free Shipping Threshold", "status": true, "value": "30.00", "description": "This setting will show a free shipping banner on the top of your site and enable customers to get free shipping when they spend over a certain amount"}}, {"model": "management.sitesettings", "pk": 2, "fields": {"name": "Standard Shipping", "status": true, "value": "5.00", "description": "Enable standard shipping and set the cost"}}, {"model": "management.sitesettings", "pk": 3, "fields": {"name": "Click & Collect", "status": true, "value": "0.00", "description": "Enable Click & Collect - This will allow customers to collect their orders from your physical address"}}, {"model": "management.staff", "pk": 4, "fields": {"name": "Jenna", "position": "Senior Stylist", "available": true, "image_url": null, "image": ""}}, {"model": "management.staff", "pk": 5, "fields": {"name": "Sarah", "position": "Colour Specialist", "available": true, "image_url": null, "image": ""}}, {"model": "management.coupons", "pk": 19, "fields": {"name": "20%", "code": "NEWYEAR", "discount": 40, "active": true, "minspend": "50.00"}}, {"model": "management.sitestats", "pk": 1, "fields": {"date": "2020-12-30", "day": "Wednesday"}}, {"model": "management.sitestats", "pk": 2, "fields": {"date": "2020-12-29", "day": "Tuesday"}}, {"model": "management.sitestats", "pk": 3, "fields": {"date": "2020-12-02", "day": "Tuesday"}}, {"model": "management.sitestats", "pk": 4, "fields": {"date": "2020-12-27", "day": "Sunday"}}, {"model": "management.sitestats", "pk": 5, "fields": {"date": "2020-12-30", "day": "Wednesday"}}, {"model": "management.sitestats", "pk": 6, "fields": {"date": "2020-12-29", "day": "Tuesday"}}, {"model": "management.sitestats", "pk": 7, "fields": {"date": "2020-12-19", "day": "Saturday"}}, {"model": "management.sitestats", "pk": 8, "fields": {"date": "2020-12-19", "day": "Saturday"}}, {"model": "management.sitestats", "pk": 9, "fields": {"date": "2020-12-19", "day": "Saturday"}}, {"model": "management.sitestats", "pk": 10, "fields": {"date": "2020-12-19", "day": "Saturday"}}, {"model": "management.sitestats", "pk": 11, "fields": {"date": "2020-12-19", "day": "Saturday"}}, {"model": "management.sitestats", "pk": 12, "fields": {"date": "2020-12-30", "day": "Wednesday"}}, {"model": "management.sitestats", "pk": 13, "fields": {"date": "2020-12-30", "day": "Wednesday"}}, {"model": "management.sitestats", "pk": 14, "fields": {"date": "2020-12-30", "day": "Wednesday"}}, {"model": "management.sitestats", "pk": 15, "fields": {"date": "2020-12-30", "day": "Wednesday"}}, {"model": "management.sitestats", "pk": 16, "fields": {"date": "2020-12-30", "day": "Wednesday"}}, {"model": "management.sitestats", "pk": 17, "fields": {"date": "2021-01-02", "day": "Saturday"}}, {"model": "management.sitestats", "pk": 18, "fields": {"date": "2021-01-03", "day": "Sunday"}}, {"model": "management.sitestats", "pk": 19, "fields": {"date": "2021-01-03", "day": "Sunday"}}, {"model": "management.sitestats", "pk": 20, "fields": {"date": "2021-01-03", "day": "Sunday"}}, {"model": "management.sitestats", "pk": 21, "fields": {"date": "2021-01-03", "day": "Sunday"}}, {"model": "management.sitestats", "pk": 22, "fields": {"date": "2021-01-03", "day": "Sunday"}}, {"model": "management.sitestats", "pk": 23, "fields": {"date": "2021-01-03", "day": "Sunday"}}, {"model": "management.sitestats", "pk": 24, "fields": {"date": "2021-01-05", "day": "Tuesday"}}, {"model": "management.sitestats", "pk": 25, "fields": {"date": "2021-01-06", "day": "Wednesday"}}, {"model": "management.sitestats", "pk": 26, "fields": {"date": "2021-01-06", "day": "Wednesday"}}, {"model": "management.sitestats", "pk": 27, "fields": {"date": "2021-01-06", "day": "Wednesday"}}, {"model": "management.sitestats", "pk": 28, "fields": {"date": "2021-01-06", "day": "Wednesday"}}, {"model": "management.sitestats", "pk": 29, "fields": {"date": "2021-01-06", "day": "Wednesday"}}, {"model": "management.sitestats", "pk": 30, "fields": {"date": "2021-01-06", "day": "Wednesday"}}, {"model": "management.sitestats", "pk": 31, "fields": {"date": "2021-01-07", "day": "Thursday"}}, {"model": "management.sitestats", "pk": 32, "fields": {"date": "2021-01-07", "day": "Thursday"}}, {"model": "management.sitestats", "pk": 33, "fields": {"date": "2021-01-07", "day": "Thursday"}}, {"model": "management.sitestats", "pk": 34, "fields": {"date": "2021-01-09", "day": "Saturday"}}, {"model": "management.sitestats", "pk": 35, "fields": {"date": "2021-01-09", "day": "Saturday"}}, {"model": "management.sitestats", "pk": 36, "fields": {"date": "2021-01-10", "day": "Sunday"}}, {"model": "management.sitestats", "pk": 37, "fields": {"date": "2021-01-10", "day": "Sunday"}}, {"model": "management.sitestats", "pk": 38, "fields": {"date": "2021-01-10", "day": "Sunday"}}, {"model": "management.sitestats", "pk": 39, "fields": {"date": "2021-01-10", "day": "Sunday"}}, {"model": "management.sitestats", "pk": 40, "fields": {"date": "2021-01-12", "day": "Tuesday"}}, {"model": "management.sitestats", "pk": 41, "fields": {"date": "2021-01-12", "day": "Tuesday"}}, {"model": "management.sitestats", "pk": 42, "fields": {"date": "2021-01-12", "day": "Tuesday"}}, {"model": "management.sitestats", "pk": 43, "fields": {"date": "2021-01-13", "day": "Wednesday"}}, {"model": "management.sitestats", "pk": 44, "fields": {"date": "2021-01-16", "day": "Saturday"}}, {"model": "management.sitestats", "pk": 45, "fields": {"date": "2021-01-16", "day": "Saturday"}}, {"model": "management.sitestats", "pk": 46, "fields": {"date": "2021-01-17", "day": "Sunday"}}, {"model": "management.sitestats", "pk": 47, "fields": {"date": "2021-01-17", "day": "Sunday"}}, {"model": "management.sitestats", "pk": 48, "fields": {"date": "2021-01-17", "day": "Sunday"}}, {"model": "management.sitestats", "pk": 49, "fields": {"date": "2021-01-19", "day": "Tuesday"}}, {"model": "management.sitestats", "pk": 50, "fields": {"date": "2021-01-20", "day": "Wednesday"}}, {"model": "management.sitestats", "pk": 51, "fields": {"date": "2021-01-20", "day": "Wednesday"}}, {"model": "management.sitestats", "pk": 52, "fields": {"date": "2021-01-20", "day": "Wednesday"}}, {"model": "management.sitestats", "pk": 53, "fields": {"date": "2021-01-20", "day": "Wednesday"}}, {"model": "management.sitestats", "pk": 54, "fields": {"date": "2021-01-20", "day": "Wednesday"}}, {"model": "management.sitestats", "pk": 55, "fields": {"date": "2021-01-20", "day": "Wednesday"}}, {"model": "management.sitestats", "pk": 56, "fields": {"date": "2021-01-20", "day": "Wednesday"}}, {"model": "management.sitestats", "pk": 57, "fields": {"date": "2021-01-20", "day": "Wednesday"}}, {"model": "management.sitestats", "pk": 58, "fields": {"date": "2021-01-21", "day": "Thursday"}}, {"model": "management.sitestats", "pk": 59, "fields": {"date": "2021-01-22", "day": "Friday"}}, {"model": "management.sitestats", "pk": 60, "fields": {"date": "2021-01-23", "day": "Saturday"}}, {"model": "management.sitestats", "pk": 61, "fields": {"date": "2021-01-23", "day": "Saturday"}}, {"model": "management.sitestats", "pk": 62, "fields": {"date": "2021-01-23", "day": "Saturday"}}, {"model": "management.sitestats", "pk": 63, "fields": {"date": "2021-01-24", "day": "Sunday"}}, {"model": "management.sitestats", "pk": 64, "fields": {"date": "2021-01-24", "day": "Sunday"}}, {"model": "management.sitestats", "pk": 65, "fields": {"date": "2021-01-24", "day": "Sunday"}}, {"model": "management.sitestats", "pk": 66, "fields": {"date": "2021-01-24", "day": "Sunday"}}, {"model": "management.sitestats", "pk": 67, "fields": {"date": "2021-01-25", "day": "Monday"}}, {"model": "management.sitestats", "pk": 68, "fields": {"date": "2021-01-25", "day": "Monday"}}, {"model": "management.sitestats", "pk": 69, "fields": {"date": "2021-01-25", "day": "Monday"}}, {"model": "management.sitestats", "pk": 70, "fields": {"date": "2021-01-25", "day": "Monday"}}, {"model": "management.sitestats", "pk": 71, "fields": {"date": "2021-01-25", "day": "Monday"}}, {"model": "management.sitestats", "pk": 72, "fields": {"date": "2021-01-26", "day": "Tuesday"}}, {"model": "management.sitestats", "pk": 73, "fields": {"date": "2021-01-26", "day": "Tuesday"}}, {"model": "management.sitestats", "pk": 74, "fields": {"date": "2021-01-27", "day": "Wednesday"}}, {"model": "management.sitestats", "pk": 75, "fields": {"date": "2021-01-28", "day": "Thursday"}}, {"model": "checkout.order", "pk": 84, "fields": {"order_number": "E19DCC4CBA124CA5B504314CE4058314", "user_profile": 1, "full_name": "David O Neill", "email": "davidosongschool@gmail.com", "phone_number": "0831882801", "street_address1": "60 Hermitage Glen", "street_address2": "Kells", "town_or_city": "Kells", "county": "Meath", "country": "IE", "postcode": "000000", "date": "2021-01-16T08:58:50.215Z", "delivery_cost": "0.00", "shipping_method": "Click & Collect", "subtotal": "0.00", "total": "13.25", "original_cart": "{\"7\": 1}", "stripe_pid": "pi_1IAAcGDCotthheC03aEcvAov"}}, {"model": "checkout.order", "pk": 85, "fields": {"order_number": "258D55AFDCD74ACFB66AB76EE99B7395", "user_profile": 1, "full_name": "David O Neill", "email": "davidosongschool@gmail.com", "phone_number": "0831882801", "street_address1": "60 Hermitage Glen", "street_address2": "Kells", "town_or_city": "Kells", "county": "Meath", "country": "IE", "postcode": "000000", "date": "2021-01-16T08:59:34.791Z", "delivery_cost": "0.00", "shipping_method": "Standard", "subtotal": "0.00", "total": "18.25", "original_cart": "{\"7\": 1}", "stripe_pid": "pi_1IAAczDCotthheC0wqTmaUHo"}}, {"model": "checkout.order", "pk": 86, "fields": {"order_number": "D225A470CCCF4862B48F2646F0B8CEDD", "user_profile": 1, "full_name": "David O Neill", "email": "davidosongschool@gmail.com", "phone_number": "0831882801", "street_address1": "60 Hermitage Glen", "street_address2": "Kells", "town_or_city": "Kells", "county": "Meath", "country": "IE", "postcode": "000000", "date": "2021-01-16T09:06:45.094Z", "delivery_cost": "0.00", "shipping_method": "Standard", "subtotal": "0.00", "total": "19.25", "original_cart": "{\"1\": 1}", "stripe_pid": "pi_1IAAjwDCotthheC01vuBJsmn"}}, {"model": "checkout.order", "pk": 87, "fields": {"order_number": "A00E673BC5D645CB83418592EC43B173", "user_profile": 1, "full_name": "David O Neill", "email": "davidosongschool@gmail.com", "phone_number": "0831882801", "street_address1": "60 Hermitage Glen", "street_address2": "Kells", "town_or_city": "Kells", "county": "Meath", "country": "IE", "postcode": "000000", "date": "2021-01-16T09:08:45.903Z", "delivery_cost": "0.00", "shipping_method": "Standard", "subtotal": "0.00", "total": "18.25", "original_cart": "{\"7\": 1}", "stripe_pid": "pi_1IAAlsDCotthheC0mpdEUb33"}}, {"model": "checkout.order", "pk": 88, "fields": {"order_number": "A7871C6147E14BA98198D8D9F50DB690", "user_profile": 1, "full_name": "David O Neill", "email": "davidosongschool@gmail.com", "phone_number": "0831882801", "street_address1": "60 Hermitage Glen", "street_address2": "Kells", "town_or_city": "Kells", "county": "Meath", "country": "IE", "postcode": "000000", "date": "2021-01-16T09:10:38.355Z", "delivery_cost": "0.00", "shipping_method": "Standard", "subtotal": "0.00", "total": "24.75", "original_cart": "{\"8\": 1}", "stripe_pid": "pi_1IAAniDCotthheC0u8wEDY2Y"}}, {"model": "checkout.order", "pk": 89, "fields": {"order_number": "52C2A0B39AC34294AC6FCABB3470DABE", "user_profile": 1, "full_name": "David O Neill", "email": "davidosongschool@gmail.com", "phone_number": "0831882801", "street_address1": "60 Hermitage Glen", "street_address2": "Kells", "town_or_city": "Kells", "county": "Meath", "country": "IE", "postcode": "000000", "date": "2021-01-16T09:18:31.667Z", "delivery_cost": "5.00", "shipping_method": "Standard", "subtotal": "27.50", "total": "32.50", "original_cart": "{\"11\": 1}", "stripe_pid": "pi_1IAAvMDCotthheC0rgWfel48"}}, {"model": "checkout.order", "pk": 90, "fields": {"order_number": "FBD542C8FF3D439393841C0DAEAD1122", "user_profile": 1, "full_name": "David O Neill", "email": "davidosongschool@gmail.com", "phone_number": "0831882801", "street_address1": "60 Hermitage Glen", "street_address2": "Kells", "town_or_city": "Kells", "county": "Meath", "country": "IE", "postcode": "000000", "date": "2021-01-16T09:20:30.274Z", "delivery_cost": "0.00", "shipping_method": "Click & Collect", "subtotal": "19.75", "total": "19.75", "original_cart": "{\"8\": 1}", "stripe_pid": "pi_1IAAwlDCotthheC0PMtb6taw"}}, {"model": "checkout.order", "pk": 91, "fields": {"order_number": "6C26276998324C2080E5CA345ED01B3E", "user_profile": null, "full_name": "David O Neill", "email": "davidosongschool@gmail.com", "phone_number": "0831882801", "street_address1": "60 Hermitage Glen", "street_address2": "Kells", "town_or_city": "Kells", "county": "Meath", "country": "IE", "postcode": "000000", "date": "2021-01-24T20:11:47.321Z", "delivery_cost": "0.00", "shipping_method": "Standard Delivery", "subtotal": "0.00", "total": "0.00", "original_cart": "{\"2\": 1}", "stripe_pid": "pi_1IDEvhDCotthheC0d1uAzwAX"}}, {"model": "checkout.order", "pk": 92, "fields": {"order_number": "5E743E5F165F4F32B96383B9A72C2090", "user_profile": null, "full_name": "David O Neill", "email": "davidosongschool@gmail.com", "phone_number": "0831882801", "street_address1": "60 Hermitage Glen", "street_address2": "Kells", "town_or_city": "Kells", "county": "Meath", "country": "IE", "postcode": "000000", "date": "2021-01-24T20:13:14.568Z", "delivery_cost": "0.00", "shipping_method": "Standard Delivery", "subtotal": "0.00", "total": "0.00", "original_cart": "{\"2\": 1}", "stripe_pid": "pi_1IDExADCotthheC0FN0yKbRA"}}, {"model": "checkout.order", "pk": 93, "fields": {"order_number": "FBD759C275C54CCABE1595994283FE95", "user_profile": null, "full_name": "David O Neill", "email": "davidosongschool@gmail.com", "phone_number": "0831882801", "street_address1": "60 Hermitage Glen", "street_address2": "Kells", "town_or_city": "Kells", "county": "Meath", "country": "IE", "postcode": "000000", "date": "2021-01-24T20:13:59.998Z", "delivery_cost": "5.00", "shipping_method": "Standard", "subtotal": "12.00", "total": "17.00", "original_cart": "{\"2\": 1}", "stripe_pid": "pi_1IDEy0DCotthheC0JEjAJ08q"}}, {"model": "checkout.order", "pk": 94, "fields": {"order_number": "71264FBF99F44308A8A8027E9A961F68", "user_profile": null, "full_name": "David O Neill", "email": "davidosongschool@gmail.com", "phone_number": "0831882801", "street_address1": "60 Hermitage Glen", "street_address2": "Kells", "town_or_city": "Kells", "county": "Meath", "country": "IE", "postcode": "000000", "date": "2021-01-25T18:48:12.639Z", "delivery_cost": "0.00", "shipping_method": "Standard", "subtotal": "50.00", "total": "50.00", "original_cart": "{\"3\": 1}", "stripe_pid": "pi_1IDa6SDCotthheC0XMfh8c8j"}}, {"model": "checkout.order", "pk": 95, "fields": {"order_number": "DD0C6F9040CA420C91EAF98FD6FC2A05", "user_profile": null, "full_name": "David O Neill", "email": "davidosongschool@gmail.com", "phone_number": "0831882801", "street_address1": "60 Hermitage Glen", "street_address2": "Kells", "town_or_city": "Kells", "county": "Meath", "country": "IE", "postcode": "000000", "date": "2021-01-25T18:55:48.999Z", "delivery_cost": "0.00", "shipping_method": "Standard", "subtotal": "32.00", "total": "32.00", "original_cart": "{\"6\": 1}", "stripe_pid": "pi_1IDaDjDCotthheC0UmU2oCvf"}}, {"model": "checkout.order", "pk": 96, "fields": {"order_number": "FF03786A69A940F29F14301FCD0A8D05", "user_profile": null, "full_name": "David O Neill", "email": "davidosongschool@gmail.com", "phone_number": "0831882801", "street_address1": "60 Hermitage Glen", "street_address2": "Kells", "town_or_city": "Kells", "county": "Meath", "country": "IE", "postcode": "000000", "date": "2021-01-25T18:58:50.067Z", "delivery_cost": "0.00", "shipping_method": "Click & Collect", "subtotal": "27.50", "total": "27.50", "original_cart": "{\"12\": 1}", "stripe_pid": "pi_1IDaGlDCotthheC0gXVsRd2s"}}, {"model": "checkout.order", "pk": 97, "fields": {"order_number": "B538F2CB47F944BAAE96EDDBF910E2AE", "user_profile": null, "full_name": "David O Neill", "email": "davidosongschool@gmail.com", "phone_number": "0831882801", "street_address1": "60 Hermitage Glen", "street_address2": "Kells", "town_or_city": "Kells", "county": "Meath", "country": "IE", "postcode": "000000", "date": "2021-01-25T19:00:35.214Z", "delivery_cost": "0.00", "shipping_method": "Standard", "subtotal": "50.00", "total": "50.00", "original_cart": "{\"3\": 1}", "stripe_pid": "pi_1IDaI3DCotthheC0kHm19EEU"}}, {"model": "checkout.order", "pk": 98, "fields": {"order_number": "75FE2AF2AF844087977E7E555C68A13D", "user_profile": null, "full_name": "David O Neill", "email": "davidosongschool@gmail.com", "phone_number": "0831882801", "street_address1": "60 Hermitage Glen", "street_address2": "Kells", "town_or_city": "Kells", "county": "Meath", "country": "IE", "postcode": "000000", "date": "2021-01-25T19:01:17.337Z", "delivery_cost": "0.00", "shipping_method": "Standard", "subtotal": "32.00", "total": "32.00", "original_cart": "{\"6\": 1}", "stripe_pid": "pi_1IDaJCDCotthheC0vORcG3zR"}}, {"model": "checkout.order", "pk": 99, "fields": {"order_number": "D822075728944004860D846EA2A58462", "user_profile": null, "full_name": "David O Neill", "email": "davidosongschool@gmail.com", "phone_number": "0831882801", "street_address1": "60 Hermitage Glen", "street_address2": "Kells", "town_or_city": "Kells", "county": "Meath", "country": "IE", "postcode": "000000", "date": "2021-01-25T19:02:14.094Z", "delivery_cost": "0.00", "shipping_method": "Standard", "subtotal": "64.00", "total": "64.00", "original_cart": "{\"6\": 2}", "stripe_pid": "pi_1IDaK7DCotthheC0kUf9HcOz"}}, {"model": "checkout.order", "pk": 100, "fields": {"order_number": "448FD5A871954AB8821451D927CB615B", "user_profile": null, "full_name": "David O Neill", "email": "davidosongschool@gmail.com", "phone_number": "0831882801", "street_address1": "60 Hermitage Glen", "street_address2": "Kells", "town_or_city": "Kells", "county": "Meath", "country": "IE", "postcode": "000000", "date": "2021-01-25T19:02:58.390Z", "delivery_cost": "0.00", "shipping_method": "Standard", "subtotal": "32.00", "total": "32.00", "original_cart": "{\"6\": 1}", "stripe_pid": "pi_1IDaKqDCotthheC0FMy4JUBL"}}, {"model": "checkout.order", "pk": 101, "fields": {"order_number": "2482DEA8D0AB45DC8FBD4F058C30652B", "user_profile": null, "full_name": "David O Neill", "email": "davidosongschool@gmail.com", "phone_number": "0831882801", "street_address1": "60 Hermitage Glen", "street_address2": "Kells", "town_or_city": "Kells", "county": "Meath", "country": "IE", "postcode": "000000", "date": "2021-01-25T19:09:54.492Z", "delivery_cost": "0.00", "shipping_method": "Standard", "subtotal": "50.00", "total": "50.00", "original_cart": "{\"3\": 1}", "stripe_pid": "pi_1IDaRUDCotthheC0cOWBmQ80"}}, {"model": "checkout.order", "pk": 102, "fields": {"order_number": "6238A7CD2DA14955A02DD55A78B5A00F", "user_profile": null, "full_name": "David O Neill", "email": "davidosongschool@gmail.com", "phone_number": "0831882801", "street_address1": "60 Hermitage Glen", "street_address2": "Kells", "town_or_city": "Kells", "county": "Meath", "country": "IE", "postcode": "000000", "date": "2021-01-25T19:10:48.762Z", "delivery_cost": "5.00", "shipping_method": "Standard", "subtotal": "27.50", "total": "32.50", "original_cart": "{\"12\": 1}", "stripe_pid": "pi_1IDaSQDCotthheC0ZxW3c5dX"}}, {"model": "checkout.order", "pk": 103, "fields": {"order_number": "92FF5E5582A24DBBAB91F9BCE2E96454", "user_profile": null, "full_name": "David O Neill", "email": "davidosongschool@gmail.com", "phone_number": "0831882801", "street_address1": "60 Hermitage Glen", "street_address2": "Kells", "town_or_city": "Kells", "county": "Meath", "country": "IE", "postcode": "000000", "date": "2021-01-25T19:11:23.232Z", "delivery_cost": "0.00", "shipping_method": "Standard", "subtotal": "50.00", "total": "50.00", "original_cart": "{\"3\": 1}", "stripe_pid": "pi_1IDaSzDCotthheC04zyeAVGV"}}, {"model": "checkout.order", "pk": 104, "fields": {"order_number": "D28EA27D452F40079F3C586AFA9A56E4", "user_profile": null, "full_name": "David O Neill", "email": "davidosongschool@gmail.com", "phone_number": "0831882801", "street_address1": "60 Hermitage Glen", "street_address2": "Kells", "town_or_city": "Kells", "county": "Meath", "country": "IE", "postcode": "000000", "date": "2021-01-25T19:13:11.619Z", "delivery_cost": "5.00", "shipping_method": "Standard", "subtotal": "19.75", "total": "24.75", "original_cart": "{\"8\": 1}", "stripe_pid": "pi_1IDaUjDCotthheC0hjjSlsHD"}}, {"model": "checkout.order", "pk": 105, "fields": {"order_number": "96FABEB9172844098D3457E3D11B231F", "user_profile": null, "full_name": "David O Neill", "email": "davidosongschool@gmail.com", "phone_number": "0831882801", "street_address1": "60 Hermitage Glen", "street_address2": "Kells", "town_or_city": "Kells", "county": "Meath", "country": "IE", "postcode": "000000", "date": "2021-01-25T22:34:09.245Z", "delivery_cost": "0.00", "shipping_method": "Click & Collect", "subtotal": "36.00", "total": "36.00", "original_cart": "{\"2\": 3}", "stripe_pid": "pi_1IDdcuDCotthheC0qUFfTn9M"}}, {"model": "checkout.orderlineitem", "pk": 91, "fields": {"order": 84, "product": 7, "quantity": 1, "lineitem_total": "13.25"}}, {"model": "checkout.orderlineitem", "pk": 92, "fields": {"order": 85, "product": 7, "quantity": 1, "lineitem_total": "13.25"}}, {"model": "checkout.orderlineitem", "pk": 94, "fields": {"order": 87, "product": 7, "quantity": 1, "lineitem_total": "13.25"}}, {"model": "checkout.orderlineitem", "pk": 95, "fields": {"order": 88, "product": 8, "quantity": 1, "lineitem_total": "19.75"}}, {"model": "checkout.orderlineitem", "pk": 96, "fields": {"order": 89, "product": 11, "quantity": 1, "lineitem_total": "27.50"}}, {"model": "checkout.orderlineitem", "pk": 97, "fields": {"order": 90, "product": 8, "quantity": 1, "lineitem_total": "19.75"}}, {"model": "checkout.orderlineitem", "pk": 98, "fields": {"order": 91, "product": 2, "quantity": 1, "lineitem_total": "14.25"}}, {"model": "checkout.orderlineitem", "pk": 99, "fields": {"order": 92, "product": 2, "quantity": 1, "lineitem_total": "14.25"}}, {"model": "checkout.orderlineitem", "pk": 100, "fields": {"order": 93, "product": 2, "quantity": 1, "lineitem_total": "14.25"}}, {"model": "checkout.orderlineitem", "pk": 101, "fields": {"order": 94, "product": 3, "quantity": 1, "lineitem_total": "60.00"}}, {"model": "checkout.orderlineitem", "pk": 102, "fields": {"order": 95, "product": 6, "quantity": 1, "lineitem_total": "35.00"}}, {"model": "checkout.orderlineitem", "pk": 103, "fields": {"order": 96, "product": 12, "quantity": 1, "lineitem_total": "27.50"}}, {"model": "checkout.orderlineitem", "pk": 104, "fields": {"order": 97, "product": 3, "quantity": 1, "lineitem_total": "60.00"}}, {"model": "checkout.orderlineitem", "pk": 105, "fields": {"order": 98, "product": 6, "quantity": 1, "lineitem_total": "35.00"}}, {"model": "checkout.orderlineitem", "pk": 106, "fields": {"order": 99, "product": 6, "quantity": 2, "lineitem_total": "70.00"}}, {"model": "checkout.orderlineitem", "pk": 107, "fields": {"order": 100, "product": 6, "quantity": 1, "lineitem_total": "35.00"}}, {"model": "checkout.orderlineitem", "pk": 108, "fields": {"order": 101, "product": 3, "quantity": 1, "lineitem_total": "60.00"}}, {"model": "checkout.orderlineitem", "pk": 109, "fields": {"order": 102, "product": 12, "quantity": 1, "lineitem_total": "27.50"}}, {"model": "checkout.orderlineitem", "pk": 110, "fields": {"order": 103, "product": 3, "quantity": 1, "lineitem_total": "60.00"}}, {"model": "checkout.orderlineitem", "pk": 111, "fields": {"order": 104, "product": 8, "quantity": 1, "lineitem_total": "19.75"}}, {"model": "checkout.orderlineitem", "pk": 112, "fields": {"order": 105, "product": 2, "quantity": 3, "lineitem_total": "42.75"}}, {"model": "profiles.userprofile", "pk": 1, "fields": {"user": 2, "default_phone_number": "0831882801", "default_street_address1": null, "default_street_address2": null, "default_town_or_city": null, "default_county": null, "default_country": null, "default_postcode": null}}]